{
    "architecture": "x86_64",
    "op_modes": [
        "32-bit,",
        "64-bit"
    ],
    "byte_order": [
        "Little",
        "Endian"
    ],
    "cpu_s": 4,
    "on_line_cpu": "0-3",
    "threads_per_core": 1,
    "core_per_socket": 4,
    "sockets": 1,
    "numa_nodes": 1,
    "vendor_id": "GenuineIntel",
    "cpu_family": 6,
    "model": 158,
    "model_name": [
        "Intel(R)",
        "Core(TM)",
        "i5-7400",
        "CPU",
        "@",
        "3.00GHz"
    ],
    "stepping": 9,
    "cpu_mhz": 900.048,
    "cpu_max_mhz": 3500.0,
    "cpu_min_mhz": 800.0,
    "bogo_mips": 6000.0,
    "hypervisor_vendor": "",
    "virtualization_type": "VT-x",
    "l1d_cache": "32K",
    "l1i_cache": "32K",
    "l2_cache": "256K",
    "l3_cache": "6144K"
}