[
    {
        "user": "USER",
        "pid": "PID",
        "cpu_percentage": "%CPU",
        "memory_percentage": "%MEM",
        "time": "TIME",
        "command": "COMMAND"
    },
    {
        "user": "root",
        "pid": "1",
        "cpu_percentage": "0.3",
        "memory_percentage": "0.1",
        "time": "0:04",
        "command": "/sbin/init"
    },
    {
        "user": "root",
        "pid": "2",
        "cpu_percentage": "0.0",
        "memory_percentage": "0.0",
        "time": "0:00",
        "command": "[kthreadd]"
    },
    {
        "user": "root",
        "pid": "4",
        "cpu_percentage": "0.0",
        "memory_percentage": "0.0",
        "time": "0:00",
        "command": "[kworker/0:0H]"
    },
    {
        "user": "root",
        "pid": "5",
        "cpu_percentage": "0.0",
        "memory_percentage": "0.0",
        "time": "0:00",
        "command": "[kworker/u8:0]"
    },
    {
        "user": "root",
        "pid": "6",
        "cpu_percentage": "0.0",
        "memory_percentage": "0.0",
        "time": "0:00",
        "command": "[mm_percpu_wq]"
    },
    {
        "user": "root",
        "pid": "7",
        "cpu_percentage": "0.0",
        "memory_percentage": "0.0",
        "time": "0:00",
        "command": "[ksoftirqd/0]"
    },
    {
        "user": "root",
        "pid": "8",
        "cpu_percentage": "0.1",
        "memory_percentage": "0.0",
        "time": "0:02",
        "command": "[rcu_sched]"
    },
    {
        "user": "root",
        "pid": "9",
        "cpu_percentage": "0.0",
        "memory_percentage": "0.0",
        "time": "0:00",
        "command": "[rcu_bh]"
    },
    {
        "user": "root",
        "pid": "10",
        "cpu_percentage": "0.0",
        "memory_percentage": "0.0",
        "time": "0:00",
        "command": "[migration/0]"
    },
    {
        "user": "root",
        "pid": "11",
        "cpu_percentage": "0.0",
        "memory_percentage": "0.0",
        "time": "0:00",
        "command": "[watchdog/0]"
    },
    {
        "user": "root",
        "pid": "12",
        "cpu_percentage": "0.0",
        "memory_percentage": "0.0",
        "time": "0:00",
        "command": "[cpuhp/0]"
    },
    {
        "user": "root",
        "pid": "13",
        "cpu_percentage": "0.0",
        "memory_percentage": "0.0",
        "time": "0:00",
        "command": "[cpuhp/1]"
    },
    {
        "user": "root",
        "pid": "14",
        "cpu_percentage": "0.0",
        "memory_percentage": "0.0",
        "time": "0:00",
        "command": "[watchdog/1]"
    },
    {
        "user": "root",
        "pid": "15",
        "cpu_percentage": "0.0",
        "memory_percentage": "0.0",
        "time": "0:00",
        "command": "[migration/1]"
    },
    {
        "user": "root",
        "pid": "16",
        "cpu_percentage": "0.0",
        "memory_percentage": "0.0",
        "time": "0:00",
        "command": "[ksoftirqd/1]"
    },
    {
        "user": "root",
        "pid": "18",
        "cpu_percentage": "0.0",
        "memory_percentage": "0.0",
        "time": "0:00",
        "command": "[kworker/1:0H]"
    },
    {
        "user": "root",
        "pid": "19",
        "cpu_percentage": "0.0",
        "memory_percentage": "0.0",
        "time": "0:00",
        "command": "[cpuhp/2]"
    },
    {
        "user": "root",
        "pid": "20",
        "cpu_percentage": "0.0",
        "memory_percentage": "0.0",
        "time": "0:00",
        "command": "[watchdog/2]"
    },
    {
        "user": "root",
        "pid": "21",
        "cpu_percentage": "0.0",
        "memory_percentage": "0.0",
        "time": "0:00",
        "command": "[migration/2]"
    },
    {
        "user": "root",
        "pid": "22",
        "cpu_percentage": "0.0",
        "memory_percentage": "0.0",
        "time": "0:00",
        "command": "[ksoftirqd/2]"
    },
    {
        "user": "root",
        "pid": "24",
        "cpu_percentage": "0.0",
        "memory_percentage": "0.0",
        "time": "0:00",
        "command": "[kworker/2:0H]"
    },
    {
        "user": "root",
        "pid": "25",
        "cpu_percentage": "0.0",
        "memory_percentage": "0.0",
        "time": "0:00",
        "command": "[cpuhp/3]"
    },
    {
        "user": "root",
        "pid": "26",
        "cpu_percentage": "0.0",
        "memory_percentage": "0.0",
        "time": "0:00",
        "command": "[watchdog/3]"
    },
    {
        "user": "root",
        "pid": "27",
        "cpu_percentage": "0.0",
        "memory_percentage": "0.0",
        "time": "0:00",
        "command": "[migration/3]"
    },
    {
        "user": "root",
        "pid": "28",
        "cpu_percentage": "0.0",
        "memory_percentage": "0.0",
        "time": "0:00",
        "command": "[ksoftirqd/3]"
    },
    {
        "user": "root",
        "pid": "29",
        "cpu_percentage": "0.0",
        "memory_percentage": "0.0",
        "time": "0:00",
        "command": "[kworker/3:0]"
    },
    {
        "user": "root",
        "pid": "30",
        "cpu_percentage": "0.0",
        "memory_percentage": "0.0",
        "time": "0:00",
        "command": "[kworker/3:0H]"
    },
    {
        "user": "root",
        "pid": "31",
        "cpu_percentage": "0.0",
        "memory_percentage": "0.0",
        "time": "0:00",
        "command": "[kdevtmpfs]"
    },
    {
        "user": "root",
        "pid": "32",
        "cpu_percentage": "0.0",
        "memory_percentage": "0.0",
        "time": "0:00",
        "command": "[netns]"
    },
    {
        "user": "root",
        "pid": "33",
        "cpu_percentage": "0.0",
        "memory_percentage": "0.0",
        "time": "0:00",
        "command": "[rcu_tasks_kthre]"
    },
    {
        "user": "root",
        "pid": "34",
        "cpu_percentage": "0.0",
        "memory_percentage": "0.0",
        "time": "0:00",
        "command": "[kauditd]"
    },
    {
        "user": "root",
        "pid": "36",
        "cpu_percentage": "0.0",
        "memory_percentage": "0.0",
        "time": "0:00",
        "command": "[kworker/1:1]"
    },
    {
        "user": "root",
        "pid": "38",
        "cpu_percentage": "0.0",
        "memory_percentage": "0.0",
        "time": "0:00",
        "command": "[khungtaskd]"
    },
    {
        "user": "root",
        "pid": "39",
        "cpu_percentage": "0.0",
        "memory_percentage": "0.0",
        "time": "0:00",
        "command": "[oom_reaper]"
    },
    {
        "user": "root",
        "pid": "40",
        "cpu_percentage": "0.0",
        "memory_percentage": "0.0",
        "time": "0:00",
        "command": "[writeback]"
    },
    {
        "user": "root",
        "pid": "41",
        "cpu_percentage": "0.0",
        "memory_percentage": "0.0",
        "time": "0:00",
        "command": "[kcompactd0]"
    },
    {
        "user": "root",
        "pid": "42",
        "cpu_percentage": "0.0",
        "memory_percentage": "0.0",
        "time": "0:00",
        "command": "[ksmd]"
    },
    {
        "user": "root",
        "pid": "43",
        "cpu_percentage": "0.0",
        "memory_percentage": "0.0",
        "time": "0:00",
        "command": "[khugepaged]"
    },
    {
        "user": "root",
        "pid": "44",
        "cpu_percentage": "0.0",
        "memory_percentage": "0.0",
        "time": "0:00",
        "command": "[crypto]"
    },
    {
        "user": "root",
        "pid": "45",
        "cpu_percentage": "0.0",
        "memory_percentage": "0.0",
        "time": "0:00",
        "command": "[kintegrityd]"
    },
    {
        "user": "root",
        "pid": "46",
        "cpu_percentage": "0.0",
        "memory_percentage": "0.0",
        "time": "0:00",
        "command": "[kblockd]"
    },
    {
        "user": "root",
        "pid": "48",
        "cpu_percentage": "0.0",
        "memory_percentage": "0.0",
        "time": "0:00",
        "command": "[ata_sff]"
    },
    {
        "user": "root",
        "pid": "49",
        "cpu_percentage": "0.0",
        "memory_percentage": "0.0",
        "time": "0:00",
        "command": "[md]"
    },
    {
        "user": "root",
        "pid": "50",
        "cpu_percentage": "0.0",
        "memory_percentage": "0.0",
        "time": "0:00",
        "command": "[edac-poller]"
    },
    {
        "user": "root",
        "pid": "51",
        "cpu_percentage": "0.0",
        "memory_percentage": "0.0",
        "time": "0:00",
        "command": "[devfreq_wq]"
    },
    {
        "user": "root",
        "pid": "52",
        "cpu_percentage": "0.0",
        "memory_percentage": "0.0",
        "time": "0:00",
        "command": "[watchdogd]"
    },
    {
        "user": "root",
        "pid": "55",
        "cpu_percentage": "0.0",
        "memory_percentage": "0.0",
        "time": "0:00",
        "command": "[kswapd0]"
    },
    {
        "user": "root",
        "pid": "56",
        "cpu_percentage": "0.0",
        "memory_percentage": "0.0",
        "time": "0:00",
        "command": "[kworker/u9:0]"
    },
    {
        "user": "root",
        "pid": "57",
        "cpu_percentage": "0.0",
        "memory_percentage": "0.0",
        "time": "0:00",
        "command": "[ecryptfs-kthrea]"
    },
    {
        "user": "root",
        "pid": "99",
        "cpu_percentage": "0.0",
        "memory_percentage": "0.0",
        "time": "0:00",
        "command": "[kthrotld]"
    },
    {
        "user": "root",
        "pid": "100",
        "cpu_percentage": "0.0",
        "memory_percentage": "0.0",
        "time": "0:00",
        "command": "[acpi_thermal_pm]"
    },
    {
        "user": "root",
        "pid": "104",
        "cpu_percentage": "0.0",
        "memory_percentage": "0.0",
        "time": "0:00",
        "command": "[ipv6_addrconf]"
    },
    {
        "user": "root",
        "pid": "113",
        "cpu_percentage": "0.0",
        "memory_percentage": "0.0",
        "time": "0:00",
        "command": "[kstrp]"
    },
    {
        "user": "root",
        "pid": "135",
        "cpu_percentage": "0.0",
        "memory_percentage": "0.0",
        "time": "0:00",
        "command": "[charger_manager]"
    },
    {
        "user": "root",
        "pid": "183",
        "cpu_percentage": "0.0",
        "memory_percentage": "0.0",
        "time": "0:00",
        "command": "[scsi_eh_0]"
    },
    {
        "user": "root",
        "pid": "184",
        "cpu_percentage": "0.0",
        "memory_percentage": "0.0",
        "time": "0:00",
        "command": "[scsi_tmf_0]"
    },
    {
        "user": "root",
        "pid": "185",
        "cpu_percentage": "0.0",
        "memory_percentage": "0.0",
        "time": "0:00",
        "command": "[scsi_eh_1]"
    },
    {
        "user": "root",
        "pid": "186",
        "cpu_percentage": "0.0",
        "memory_percentage": "0.0",
        "time": "0:00",
        "command": "[scsi_tmf_1]"
    },
    {
        "user": "root",
        "pid": "187",
        "cpu_percentage": "0.0",
        "memory_percentage": "0.0",
        "time": "0:00",
        "command": "[scsi_eh_2]"
    },
    {
        "user": "root",
        "pid": "188",
        "cpu_percentage": "0.0",
        "memory_percentage": "0.0",
        "time": "0:00",
        "command": "[scsi_tmf_2]"
    },
    {
        "user": "root",
        "pid": "189",
        "cpu_percentage": "0.0",
        "memory_percentage": "0.0",
        "time": "0:00",
        "command": "[scsi_eh_3]"
    },
    {
        "user": "root",
        "pid": "190",
        "cpu_percentage": "0.0",
        "memory_percentage": "0.0",
        "time": "0:00",
        "command": "[scsi_tmf_3]"
    },
    {
        "user": "root",
        "pid": "191",
        "cpu_percentage": "0.0",
        "memory_percentage": "0.0",
        "time": "0:01",
        "command": "[kworker/u8:3]"
    },
    {
        "user": "root",
        "pid": "196",
        "cpu_percentage": "0.0",
        "memory_percentage": "0.0",
        "time": "0:00",
        "command": "[kworker/3:1H]"
    },
    {
        "user": "root",
        "pid": "226",
        "cpu_percentage": "0.0",
        "memory_percentage": "0.0",
        "time": "0:00",
        "command": "[jbd2/sda7-8]"
    },
    {
        "user": "root",
        "pid": "227",
        "cpu_percentage": "0.0",
        "memory_percentage": "0.0",
        "time": "0:00",
        "command": "[ext4-rsv-conver]"
    },
    {
        "user": "root",
        "pid": "260",
        "cpu_percentage": "0.0",
        "memory_percentage": "0.4",
        "time": "0:00",
        "command": "/lib/systemd/systemd-journald"
    },
    {
        "user": "root",
        "pid": "265",
        "cpu_percentage": "0.0",
        "memory_percentage": "0.0",
        "time": "0:00",
        "command": "[kworker/0:1H]"
    },
    {
        "user": "root",
        "pid": "273",
        "cpu_percentage": "0.0",
        "memory_percentage": "0.0",
        "time": "0:00",
        "command": "[kworker/1:1H]"
    },
    {
        "user": "root",
        "pid": "281",
        "cpu_percentage": "0.0",
        "memory_percentage": "0.0",
        "time": "0:00",
        "command": "[kworker/2:1H]"
    },
    {
        "user": "root",
        "pid": "299",
        "cpu_percentage": "0.2",
        "memory_percentage": "0.0",
        "time": "0:03",
        "command": "/lib/systemd/systemd-udevd"
    },
    {
        "user": "root",
        "pid": "316",
        "cpu_percentage": "0.0",
        "memory_percentage": "0.0",
        "time": "0:00",
        "command": "[loop0]"
    },
    {
        "user": "root",
        "pid": "317",
        "cpu_percentage": "0.0",
        "memory_percentage": "0.0",
        "time": "0:00",
        "command": "[loop1]"
    },
    {
        "user": "root",
        "pid": "318",
        "cpu_percentage": "0.0",
        "memory_percentage": "0.0",
        "time": "0:00",
        "command": "[loop2]"
    },
    {
        "user": "root",
        "pid": "319",
        "cpu_percentage": "0.0",
        "memory_percentage": "0.0",
        "time": "0:00",
        "command": "[loop3]"
    },
    {
        "user": "root",
        "pid": "320",
        "cpu_percentage": "0.0",
        "memory_percentage": "0.0",
        "time": "0:00",
        "command": "[loop4]"
    },
    {
        "user": "root",
        "pid": "321",
        "cpu_percentage": "0.0",
        "memory_percentage": "0.0",
        "time": "0:00",
        "command": "[loop5]"
    },
    {
        "user": "root",
        "pid": "322",
        "cpu_percentage": "0.0",
        "memory_percentage": "0.0",
        "time": "0:00",
        "command": "[loop6]"
    },
    {
        "user": "root",
        "pid": "323",
        "cpu_percentage": "0.0",
        "memory_percentage": "0.0",
        "time": "0:00",
        "command": "[loop7]"
    },
    {
        "user": "root",
        "pid": "324",
        "cpu_percentage": "0.0",
        "memory_percentage": "0.0",
        "time": "0:00",
        "command": "[loop8]"
    },
    {
        "user": "root",
        "pid": "325",
        "cpu_percentage": "0.0",
        "memory_percentage": "0.0",
        "time": "0:00",
        "command": "[loop9]"
    },
    {
        "user": "root",
        "pid": "326",
        "cpu_percentage": "0.0",
        "memory_percentage": "0.0",
        "time": "0:00",
        "command": "[loop10]"
    },
    {
        "user": "root",
        "pid": "327",
        "cpu_percentage": "0.0",
        "memory_percentage": "0.0",
        "time": "0:00",
        "command": "[loop11]"
    },
    {
        "user": "root",
        "pid": "328",
        "cpu_percentage": "0.0",
        "memory_percentage": "0.0",
        "time": "0:00",
        "command": "[loop12]"
    },
    {
        "user": "root",
        "pid": "337",
        "cpu_percentage": "0.0",
        "memory_percentage": "0.0",
        "time": "0:00",
        "command": "[loop13]"
    },
    {
        "user": "root",
        "pid": "343",
        "cpu_percentage": "0.0",
        "memory_percentage": "0.0",
        "time": "0:00",
        "command": "[loop14]"
    },
    {
        "user": "root",
        "pid": "344",
        "cpu_percentage": "0.0",
        "memory_percentage": "0.0",
        "time": "0:00",
        "command": "[loop15]"
    },
    {
        "user": "root",
        "pid": "345",
        "cpu_percentage": "0.0",
        "memory_percentage": "0.0",
        "time": "0:00",
        "command": "[loop16]"
    },
    {
        "user": "root",
        "pid": "346",
        "cpu_percentage": "0.0",
        "memory_percentage": "0.0",
        "time": "0:00",
        "command": "[loop17]"
    },
    {
        "user": "root",
        "pid": "347",
        "cpu_percentage": "0.0",
        "memory_percentage": "0.0",
        "time": "0:00",
        "command": "[loop18]"
    },
    {
        "user": "root",
        "pid": "350",
        "cpu_percentage": "0.0",
        "memory_percentage": "0.0",
        "time": "0:00",
        "command": "[loop19]"
    },
    {
        "user": "root",
        "pid": "351",
        "cpu_percentage": "0.0",
        "memory_percentage": "0.0",
        "time": "0:00",
        "command": "[loop20]"
    },
    {
        "user": "root",
        "pid": "390",
        "cpu_percentage": "0.0",
        "memory_percentage": "0.0",
        "time": "0:00",
        "command": "[irq/126-mei_me]"
    },
    {
        "user": "root",
        "pid": "409",
        "cpu_percentage": "0.0",
        "memory_percentage": "0.0",
        "time": "0:00",
        "command": "[kmemstick]"
    },
    {
        "user": "root",
        "pid": "440",
        "cpu_percentage": "0.0",
        "memory_percentage": "0.0",
        "time": "0:00",
        "command": "[i915/signal:0]"
    },
    {
        "user": "root",
        "pid": "441",
        "cpu_percentage": "0.0",
        "memory_percentage": "0.0",
        "time": "0:00",
        "command": "[i915/signal:1]"
    },
    {
        "user": "root",
        "pid": "442",
        "cpu_percentage": "0.0",
        "memory_percentage": "0.0",
        "time": "0:00",
        "command": "[i915/signal:2]"
    },
    {
        "user": "root",
        "pid": "443",
        "cpu_percentage": "0.0",
        "memory_percentage": "0.0",
        "time": "0:00",
        "command": "[i915/signal:4]"
    },
    {
        "user": "root",
        "pid": "503",
        "cpu_percentage": "0.0",
        "memory_percentage": "0.0",
        "time": "0:00",
        "command": "[kworker/u8:6]"
    },
    {
        "user": "systemd+",
        "pid": "886",
        "cpu_percentage": "0.0",
        "memory_percentage": "0.0",
        "time": "0:00",
        "command": "/lib/systemd/systemd-resolved"
    },
    {
        "user": "message+",
        "pid": "1061",
        "cpu_percentage": "0.1",
        "memory_percentage": "0.0",
        "time": "0:02",
        "command": "/usr/bin/dbus-daemon"
    },
    {
        "user": "root",
        "pid": "1124",
        "cpu_percentage": "0.0",
        "memory_percentage": "0.0",
        "time": "0:00",
        "command": "/sbin/wpa_supplicant"
    },
    {
        "user": "syslog",
        "pid": "1141",
        "cpu_percentage": "0.0",
        "memory_percentage": "0.0",
        "time": "0:00",
        "command": "/usr/sbin/rsyslogd"
    },
    {
        "user": "root",
        "pid": "1151",
        "cpu_percentage": "0.0",
        "memory_percentage": "0.0",
        "time": "0:00",
        "command": "/usr/sbin/acpid"
    },
    {
        "user": "root",
        "pid": "1154",
        "cpu_percentage": "0.0",
        "memory_percentage": "0.1",
        "time": "0:00",
        "command": "/usr/lib/udisks2/udisksd"
    },
    {
        "user": "root",
        "pid": "1158",
        "cpu_percentage": "0.0",
        "memory_percentage": "0.0",
        "time": "0:00",
        "command": "/usr/lib/accountsservice/accounts-daemon"
    },
    {
        "user": "root",
        "pid": "1165",
        "cpu_percentage": "0.0",
        "memory_percentage": "0.0",
        "time": "0:00",
        "command": "/usr/sbin/irqbalance"
    },
    {
        "user": "root",
        "pid": "1169",
        "cpu_percentage": "0.0",
        "memory_percentage": "0.0",
        "time": "0:00",
        "command": "/usr/sbin/cron"
    },
    {
        "user": "root",
        "pid": "1174",
        "cpu_percentage": "0.0",
        "memory_percentage": "0.2",
        "time": "0:00",
        "command": "/usr/bin/python3"
    },
    {
        "user": "root",
        "pid": "1187",
        "cpu_percentage": "0.0",
        "memory_percentage": "0.1",
        "time": "0:00",
        "command": "/usr/sbin/thermald"
    },
    {
        "user": "avahi",
        "pid": "1189",
        "cpu_percentage": "0.0",
        "memory_percentage": "0.0",
        "time": "0:00",
        "command": "avahi-daemon:"
    },
    {
        "user": "root",
        "pid": "1191",
        "cpu_percentage": "0.0",
        "memory_percentage": "0.2",
        "time": "0:01",
        "command": "/usr/sbin/NetworkManager"
    },
    {
        "user": "root",
        "pid": "1192",
        "cpu_percentage": "0.1",
        "memory_percentage": "0.3",
        "time": "0:01",
        "command": "/usr/lib/snapd/snapd"
    },
    {
        "user": "root",
        "pid": "1197",
        "cpu_percentage": "0.0",
        "memory_percentage": "0.0",
        "time": "0:00",
        "command": "/lib/systemd/systemd-logind"
    },
    {
        "user": "root",
        "pid": "1207",
        "cpu_percentage": "0.0",
        "memory_percentage": "0.1",
        "time": "0:00",
        "command": "/usr/sbin/ModemManager"
    },
    {
        "user": "avahi",
        "pid": "1413",
        "cpu_percentage": "0.0",
        "memory_percentage": "0.0",
        "time": "0:00",
        "command": "avahi-daemon:"
    },
    {
        "user": "root",
        "pid": "1505",
        "cpu_percentage": "0.2",
        "memory_percentage": "0.1",
        "time": "0:03",
        "command": "/usr/lib/policykit-1/polkitd"
    },
    {
        "user": "root",
        "pid": "1523",
        "cpu_percentage": "0.0",
        "memory_percentage": "0.0",
        "time": "0:00",
        "command": "/usr/bin/vmware-usbarbitrator"
    },
    {
        "user": "root",
        "pid": "1628",
        "cpu_percentage": "0.0",
        "memory_percentage": "0.2",
        "time": "0:00",
        "command": "/usr/bin/python3"
    },
    {
        "user": "root",
        "pid": "1696",
        "cpu_percentage": "0.0",
        "memory_percentage": "0.5",
        "time": "0:00",
        "command": "/usr/bin/containerd"
    },
    {
        "user": "root",
        "pid": "1744",
        "cpu_percentage": "0.0",
        "memory_percentage": "0.0",
        "time": "0:00",
        "command": "/usr/sbin/gdm3"
    },
    {
        "user": "root",
        "pid": "1762",
        "cpu_percentage": "0.0",
        "memory_percentage": "0.0",
        "time": "0:00",
        "command": "/usr/sbin/sshd"
    },
    {
        "user": "root",
        "pid": "1766",
        "cpu_percentage": "0.0",
        "memory_percentage": "0.1",
        "time": "0:00",
        "command": "gdm-session-worker"
    },
    {
        "user": "root",
        "pid": "1826",
        "cpu_percentage": "0.0",
        "memory_percentage": "0.0",
        "time": "0:00",
        "command": "/sbin/dhclient"
    },
    {
        "user": "mysql",
        "pid": "1843",
        "cpu_percentage": "0.5",
        "memory_percentage": "2.3",
        "time": "0:07",
        "command": "/usr/sbin/mysqld"
    },
    {
        "user": "gdm",
        "pid": "1848",
        "cpu_percentage": "0.0",
        "memory_percentage": "0.1",
        "time": "0:00",
        "command": "/lib/systemd/systemd"
    },
    {
        "user": "gdm",
        "pid": "1863",
        "cpu_percentage": "0.0",
        "memory_percentage": "0.0",
        "time": "0:00",
        "command": "(sd-pam)"
    },
    {
        "user": "gdm",
        "pid": "1911",
        "cpu_percentage": "0.0",
        "memory_percentage": "0.0",
        "time": "0:00",
        "command": "/usr/lib/gdm3/gdm-wayland-session"
    },
    {
        "user": "gdm",
        "pid": "1913",
        "cpu_percentage": "0.0",
        "memory_percentage": "0.0",
        "time": "0:00",
        "command": "/usr/bin/dbus-daemon"
    },
    {
        "user": "gdm",
        "pid": "1919",
        "cpu_percentage": "0.0",
        "memory_percentage": "0.1",
        "time": "0:00",
        "command": "/usr/lib/gnome-session/gnome-session-binary"
    },
    {
        "user": "gdm",
        "pid": "1969",
        "cpu_percentage": "0.2",
        "memory_percentage": "1.8",
        "time": "0:03",
        "command": "/usr/bin/gnome-shell"
    },
    {
        "user": "root",
        "pid": "2028",
        "cpu_percentage": "0.0",
        "memory_percentage": "0.1",
        "time": "0:00",
        "command": "/usr/lib/upower/upowerd"
    },
    {
        "user": "gdm",
        "pid": "2073",
        "cpu_percentage": "0.0",
        "memory_percentage": "0.5",
        "time": "0:00",
        "command": "/usr/bin/Xwayland"
    },
    {
        "user": "gdm",
        "pid": "2101",
        "cpu_percentage": "0.0",
        "memory_percentage": "0.0",
        "time": "0:00",
        "command": "/usr/lib/at-spi2-core/at-spi-bus-launcher"
    },
    {
        "user": "gdm",
        "pid": "2106",
        "cpu_percentage": "0.0",
        "memory_percentage": "0.0",
        "time": "0:00",
        "command": "/usr/bin/dbus-daemon"
    },
    {
        "user": "gdm",
        "pid": "2109",
        "cpu_percentage": "0.0",
        "memory_percentage": "0.0",
        "time": "0:00",
        "command": "/usr/lib/at-spi2-core/at-spi2-registryd"
    },
    {
        "user": "gdm",
        "pid": "2114",
        "cpu_percentage": "0.0",
        "memory_percentage": "0.1",
        "time": "0:00",
        "command": "/usr/bin/pulseaudio"
    },
    {
        "user": "rtkit",
        "pid": "2117",
        "cpu_percentage": "0.0",
        "memory_percentage": "0.0",
        "time": "0:00",
        "command": "/usr/lib/rtkit/rtkit-daemon"
    },
    {
        "user": "root",
        "pid": "2146",
        "cpu_percentage": "0.8",
        "memory_percentage": "1.8",
        "time": "0:11",
        "command": "splunkd"
    },
    {
        "user": "root",
        "pid": "2147",
        "cpu_percentage": "0.0",
        "memory_percentage": "0.1",
        "time": "0:00",
        "command": "[splunkd"
    },
    {
        "user": "root",
        "pid": "2189",
        "cpu_percentage": "0.8",
        "memory_percentage": "1.7",
        "time": "0:10",
        "command": "mongod"
    },
    {
        "user": "root",
        "pid": "2248",
        "cpu_percentage": "0.3",
        "memory_percentage": "0.6",
        "time": "0:05",
        "command": "/opt/splunk/bin/python"
    },
    {
        "user": "gdm",
        "pid": "2283",
        "cpu_percentage": "0.0",
        "memory_percentage": "0.0",
        "time": "0:00",
        "command": "ibus-daemon"
    },
    {
        "user": "gdm",
        "pid": "2289",
        "cpu_percentage": "0.0",
        "memory_percentage": "0.0",
        "time": "0:00",
        "command": "/usr/libexec/xdg-permission-store"
    },
    {
        "user": "root",
        "pid": "2290",
        "cpu_percentage": "0.2",
        "memory_percentage": "0.5",
        "time": "0:02",
        "command": "/opt/splunk/bin/splunkd"
    },
    {
        "user": "gdm",
        "pid": "2293",
        "cpu_percentage": "0.0",
        "memory_percentage": "0.0",
        "time": "0:00",
        "command": "/usr/lib/ibus/ibus-dconf"
    },
    {
        "user": "gdm",
        "pid": "2303",
        "cpu_percentage": "0.0",
        "memory_percentage": "0.3",
        "time": "0:00",
        "command": "/usr/lib/ibus/ibus-x11"
    },
    {
        "user": "gdm",
        "pid": "2308",
        "cpu_percentage": "0.0",
        "memory_percentage": "0.0",
        "time": "0:00",
        "command": "/usr/lib/ibus/ibus-portal"
    },
    {
        "user": "gdm",
        "pid": "2343",
        "cpu_percentage": "0.0",
        "memory_percentage": "0.3",
        "time": "0:00",
        "command": "/usr/lib/gnome-settings-daemon/gsd-xsettings"
    },
    {
        "user": "gdm",
        "pid": "2345",
        "cpu_percentage": "0.0",
        "memory_percentage": "0.0",
        "time": "0:00",
        "command": "/usr/lib/gnome-settings-daemon/gsd-a11y-settings"
    },
    {
        "user": "root",
        "pid": "2348",
        "cpu_percentage": "0.4",
        "memory_percentage": "0.2",
        "time": "0:05",
        "command": "/usr/lib/packagekit/packagekitd"
    },
    {
        "user": "gdm",
        "pid": "2354",
        "cpu_percentage": "0.0",
        "memory_percentage": "0.3",
        "time": "0:00",
        "command": "/usr/lib/gnome-settings-daemon/gsd-clipboard"
    },
    {
        "user": "gdm",
        "pid": "2355",
        "cpu_percentage": "0.0",
        "memory_percentage": "0.3",
        "time": "0:00",
        "command": "/usr/lib/gnome-settings-daemon/gsd-color"
    },
    {
        "user": "gdm",
        "pid": "2363",
        "cpu_percentage": "0.0",
        "memory_percentage": "0.1",
        "time": "0:00",
        "command": "/usr/lib/gnome-settings-daemon/gsd-datetime"
    },
    {
        "user": "gdm",
        "pid": "2374",
        "cpu_percentage": "0.0",
        "memory_percentage": "0.0",
        "time": "0:00",
        "command": "/usr/lib/gnome-settings-daemon/gsd-housekeeping"
    },
    {
        "user": "gdm",
        "pid": "2381",
        "cpu_percentage": "0.0",
        "memory_percentage": "0.3",
        "time": "0:00",
        "command": "/usr/lib/gnome-settings-daemon/gsd-keyboard"
    },
    {
        "user": "root",
        "pid": "2385",
        "cpu_percentage": "0.0",
        "memory_percentage": "0.0",
        "time": "0:00",
        "command": "/usr/lib/x86_64-linux-gnu/boltd"
    },
    {
        "user": "gdm",
        "pid": "2409",
        "cpu_percentage": "0.0",
        "memory_percentage": "0.3",
        "time": "0:00",
        "command": "/usr/lib/gnome-settings-daemon/gsd-media-keys"
    },
    {
        "user": "gdm",
        "pid": "2410",
        "cpu_percentage": "0.0",
        "memory_percentage": "0.0",
        "time": "0:00",
        "command": "/usr/lib/gnome-settings-daemon/gsd-mouse"
    },
    {
        "user": "gdm",
        "pid": "2411",
        "cpu_percentage": "0.0",
        "memory_percentage": "0.3",
        "time": "0:00",
        "command": "/usr/lib/gnome-settings-daemon/gsd-power"
    },
    {
        "user": "gdm",
        "pid": "2430",
        "cpu_percentage": "0.0",
        "memory_percentage": "0.1",
        "time": "0:00",
        "command": "/usr/lib/gnome-settings-daemon/gsd-print-notifications"
    },
    {
        "user": "gdm",
        "pid": "2440",
        "cpu_percentage": "0.0",
        "memory_percentage": "0.0",
        "time": "0:00",
        "command": "/usr/lib/gnome-settings-daemon/gsd-rfkill"
    },
    {
        "user": "gdm",
        "pid": "2443",
        "cpu_percentage": "0.0",
        "memory_percentage": "0.0",
        "time": "0:00",
        "command": "/usr/lib/gnome-settings-daemon/gsd-screensaver-proxy"
    },
    {
        "user": "gdm",
        "pid": "2446",
        "cpu_percentage": "0.0",
        "memory_percentage": "0.1",
        "time": "0:00",
        "command": "/usr/lib/gnome-settings-daemon/gsd-sharing"
    },
    {
        "user": "gdm",
        "pid": "2447",
        "cpu_percentage": "0.0",
        "memory_percentage": "0.0",
        "time": "0:00",
        "command": "/usr/lib/gnome-settings-daemon/gsd-smartcard"
    },
    {
        "user": "gdm",
        "pid": "2454",
        "cpu_percentage": "0.0",
        "memory_percentage": "0.0",
        "time": "0:00",
        "command": "/usr/lib/gnome-settings-daemon/gsd-sound"
    },
    {
        "user": "gdm",
        "pid": "2457",
        "cpu_percentage": "0.0",
        "memory_percentage": "0.3",
        "time": "0:00",
        "command": "/usr/lib/gnome-settings-daemon/gsd-wacom"
    },
    {
        "user": "gdm",
        "pid": "2484",
        "cpu_percentage": "0.0",
        "memory_percentage": "0.0",
        "time": "0:00",
        "command": "/usr/lib/ibus/ibus-engine-simple"
    },
    {
        "user": "colord",
        "pid": "2548",
        "cpu_percentage": "0.0",
        "memory_percentage": "0.1",
        "time": "0:00",
        "command": "/usr/lib/colord/colord"
    },
    {
        "user": "root",
        "pid": "2711",
        "cpu_percentage": "0.0",
        "memory_percentage": "0.1",
        "time": "0:00",
        "command": "gdm-session-worker"
    },
    {
        "user": "root",
        "pid": "2803",
        "cpu_percentage": "0.0",
        "memory_percentage": "1.0",
        "time": "0:01",
        "command": "/usr/bin/dockerd"
    },
    {
        "user": "root",
        "pid": "2811",
        "cpu_percentage": "0.0",
        "memory_percentage": "0.0",
        "time": "0:00",
        "command": "/usr/sbin/inetd"
    },
    {
        "user": "kernoops",
        "pid": "2843",
        "cpu_percentage": "0.0",
        "memory_percentage": "0.0",
        "time": "0:00",
        "command": "/usr/sbin/kerneloops"
    },
    {
        "user": "kernoops",
        "pid": "2851",
        "cpu_percentage": "0.0",
        "memory_percentage": "0.0",
        "time": "0:00",
        "command": "/usr/sbin/kerneloops"
    },
    {
        "user": "root",
        "pid": "3016",
        "cpu_percentage": "0.0",
        "memory_percentage": "0.0",
        "time": "0:00",
        "command": "/usr/lib/vmware/bin/vmware-vmblock-fuse"
    },
    {
        "user": "root",
        "pid": "3039",
        "cpu_percentage": "0.0",
        "memory_percentage": "0.0",
        "time": "0:00",
        "command": "/usr/sbin/vmware-authdlauncher"
    },
    {
        "user": "sois",
        "pid": "3042",
        "cpu_percentage": "0.0",
        "memory_percentage": "0.1",
        "time": "0:00",
        "command": "/lib/systemd/systemd"
    },
    {
        "user": "sois",
        "pid": "3043",
        "cpu_percentage": "0.0",
        "memory_percentage": "0.0",
        "time": "0:00",
        "command": "(sd-pam)"
    },
    {
        "user": "sois",
        "pid": "3065",
        "cpu_percentage": "0.0",
        "memory_percentage": "0.0",
        "time": "0:00",
        "command": "/usr/bin/gnome-keyring-daemon"
    },
    {
        "user": "sois",
        "pid": "3072",
        "cpu_percentage": "0.0",
        "memory_percentage": "0.0",
        "time": "0:00",
        "command": "/usr/lib/gdm3/gdm-x-session"
    },
    {
        "user": "sois",
        "pid": "3074",
        "cpu_percentage": "3.7",
        "memory_percentage": "1.4",
        "time": "0:47",
        "command": "/usr/lib/xorg/Xorg"
    },
    {
        "user": "sois",
        "pid": "3090",
        "cpu_percentage": "0.0",
        "memory_percentage": "0.0",
        "time": "0:00",
        "command": "/usr/bin/dbus-daemon"
    },
    {
        "user": "sois",
        "pid": "3094",
        "cpu_percentage": "0.0",
        "memory_percentage": "0.1",
        "time": "0:00",
        "command": "/usr/lib/gnome-session/gnome-session-binary"
    },
    {
        "user": "sois",
        "pid": "3391",
        "cpu_percentage": "0.0",
        "memory_percentage": "0.0",
        "time": "0:00",
        "command": "/usr/bin/ssh-agent"
    },
    {
        "user": "sois",
        "pid": "3402",
        "cpu_percentage": "0.0",
        "memory_percentage": "0.0",
        "time": "0:00",
        "command": "/usr/lib/at-spi2-core/at-spi-bus-launcher"
    },
    {
        "user": "sois",
        "pid": "3412",
        "cpu_percentage": "0.0",
        "memory_percentage": "0.0",
        "time": "0:00",
        "command": "/usr/bin/dbus-daemon"
    },
    {
        "user": "sois",
        "pid": "3414",
        "cpu_percentage": "0.0",
        "memory_percentage": "0.0",
        "time": "0:00",
        "command": "/usr/lib/at-spi2-core/at-spi2-registryd"
    },
    {
        "user": "sois",
        "pid": "3435",
        "cpu_percentage": "5.3",
        "memory_percentage": "2.2",
        "time": "1:07",
        "command": "/usr/bin/gnome-shell"
    },
    {
        "user": "sois",
        "pid": "3442",
        "cpu_percentage": "0.0",
        "memory_percentage": "0.0",
        "time": "0:00",
        "command": "/usr/lib/gvfs/gvfsd"
    },
    {
        "user": "sois",
        "pid": "3447",
        "cpu_percentage": "0.0",
        "memory_percentage": "0.0",
        "time": "0:00",
        "command": "/usr/lib/gvfs/gvfsd-fuse"
    },
    {
        "user": "sois",
        "pid": "3459",
        "cpu_percentage": "0.0",
        "memory_percentage": "0.1",
        "time": "0:00",
        "command": "/usr/bin/pulseaudio"
    },
    {
        "user": "sois",
        "pid": "3471",
        "cpu_percentage": "0.1",
        "memory_percentage": "0.1",
        "time": "0:02",
        "command": "ibus-daemon"
    },
    {
        "user": "sois",
        "pid": "3472",
        "cpu_percentage": "0.0",
        "memory_percentage": "0.0",
        "time": "0:00",
        "command": "/usr/libexec/xdg-permission-store"
    },
    {
        "user": "sois",
        "pid": "3488",
        "cpu_percentage": "0.0",
        "memory_percentage": "0.2",
        "time": "0:00",
        "command": "/usr/lib/gnome-shell/gnome-shell-calendar-server"
    },
    {
        "user": "sois",
        "pid": "3492",
        "cpu_percentage": "0.0",
        "memory_percentage": "0.0",
        "time": "0:00",
        "command": "/usr/lib/ibus/ibus-dconf"
    },
    {
        "user": "sois",
        "pid": "3494",
        "cpu_percentage": "0.0",
        "memory_percentage": "0.2",
        "time": "0:00",
        "command": "/usr/lib/ibus/ibus-x11"
    },
    {
        "user": "sois",
        "pid": "3497",
        "cpu_percentage": "0.0",
        "memory_percentage": "0.0",
        "time": "0:00",
        "command": "/usr/lib/ibus/ibus-portal"
    },
    {
        "user": "sois",
        "pid": "3550",
        "cpu_percentage": "0.0",
        "memory_percentage": "0.0",
        "time": "0:00",
        "command": "/usr/lib/dconf/dconf-service"
    },
    {
        "user": "sois",
        "pid": "3551",
        "cpu_percentage": "0.0",
        "memory_percentage": "0.3",
        "time": "0:00",
        "command": "/usr/lib/evolution/evolution-source-registry"
    },
    {
        "user": "sois",
        "pid": "3557",
        "cpu_percentage": "0.0",
        "memory_percentage": "0.1",
        "time": "0:00",
        "command": "/usr/lib/gvfs/gvfs-udisks2-volume-monitor"
    },
    {
        "user": "sois",
        "pid": "3563",
        "cpu_percentage": "0.0",
        "memory_percentage": "0.3",
        "time": "0:00",
        "command": "/usr/lib/gnome-online-accounts/goa-daemon"
    },
    {
        "user": "sois",
        "pid": "3565",
        "cpu_percentage": "0.0",
        "memory_percentage": "0.0",
        "time": "0:00",
        "command": "/usr/lib/gvfs/gvfs-gphoto2-volume-monitor"
    },
    {
        "user": "sois",
        "pid": "3571",
        "cpu_percentage": "0.0",
        "memory_percentage": "0.0",
        "time": "0:00",
        "command": "/usr/lib/gvfs/gvfs-mtp-volume-monitor"
    },
    {
        "user": "sois",
        "pid": "3575",
        "cpu_percentage": "0.0",
        "memory_percentage": "0.0",
        "time": "0:00",
        "command": "/usr/lib/gvfs/gvfs-afc-volume-monitor"
    },
    {
        "user": "sois",
        "pid": "3595",
        "cpu_percentage": "0.0",
        "memory_percentage": "0.0",
        "time": "0:00",
        "command": "/usr/lib/gvfs/gvfs-goa-volume-monitor"
    },
    {
        "user": "sois",
        "pid": "3631",
        "cpu_percentage": "0.0",
        "memory_percentage": "0.0",
        "time": "0:00",
        "command": "/usr/lib/gnome-online-accounts/goa-identity-service"
    },
    {
        "user": "sois",
        "pid": "3682",
        "cpu_percentage": "0.0",
        "memory_percentage": "0.2",
        "time": "0:00",
        "command": "/usr/lib/gnome-settings-daemon/gsd-power"
    },
    {
        "user": "sois",
        "pid": "3683",
        "cpu_percentage": "0.0",
        "memory_percentage": "0.1",
        "time": "0:00",
        "command": "/usr/lib/gnome-settings-daemon/gsd-print-notifications"
    },
    {
        "user": "sois",
        "pid": "3685",
        "cpu_percentage": "0.0",
        "memory_percentage": "0.0",
        "time": "0:00",
        "command": "/usr/lib/gnome-settings-daemon/gsd-rfkill"
    },
    {
        "user": "sois",
        "pid": "3686",
        "cpu_percentage": "0.0",
        "memory_percentage": "0.0",
        "time": "0:00",
        "command": "/usr/lib/gnome-settings-daemon/gsd-screensaver-proxy"
    },
    {
        "user": "sois",
        "pid": "3691",
        "cpu_percentage": "0.0",
        "memory_percentage": "0.1",
        "time": "0:00",
        "command": "/usr/lib/gnome-settings-daemon/gsd-sharing"
    },
    {
        "user": "sois",
        "pid": "3694",
        "cpu_percentage": "0.0",
        "memory_percentage": "0.0",
        "time": "0:00",
        "command": "/usr/lib/gnome-settings-daemon/gsd-sound"
    },
    {
        "user": "sois",
        "pid": "3699",
        "cpu_percentage": "0.0",
        "memory_percentage": "0.2",
        "time": "0:00",
        "command": "/usr/lib/gnome-settings-daemon/gsd-xsettings"
    },
    {
        "user": "sois",
        "pid": "3710",
        "cpu_percentage": "0.0",
        "memory_percentage": "0.0",
        "time": "0:00",
        "command": "/usr/lib/gnome-settings-daemon/gsd-smartcard"
    },
    {
        "user": "sois",
        "pid": "3712",
        "cpu_percentage": "0.0",
        "memory_percentage": "0.2",
        "time": "0:00",
        "command": "/usr/lib/gnome-settings-daemon/gsd-wacom"
    },
    {
        "user": "sois",
        "pid": "3718",
        "cpu_percentage": "0.0",
        "memory_percentage": "0.0",
        "time": "0:00",
        "command": "/usr/lib/gnome-settings-daemon/gsd-a11y-settings"
    },
    {
        "user": "sois",
        "pid": "3720",
        "cpu_percentage": "0.0",
        "memory_percentage": "0.2",
        "time": "0:00",
        "command": "/usr/lib/gnome-settings-daemon/gsd-clipboard"
    },
    {
        "user": "sois",
        "pid": "3723",
        "cpu_percentage": "0.0",
        "memory_percentage": "0.2",
        "time": "0:00",
        "command": "/usr/lib/gnome-settings-daemon/gsd-color"
    },
    {
        "user": "sois",
        "pid": "3727",
        "cpu_percentage": "0.0",
        "memory_percentage": "0.1",
        "time": "0:00",
        "command": "/usr/lib/gnome-settings-daemon/gsd-datetime"
    },
    {
        "user": "sois",
        "pid": "3728",
        "cpu_percentage": "0.0",
        "memory_percentage": "0.0",
        "time": "0:00",
        "command": "/usr/lib/gnome-settings-daemon/gsd-housekeeping"
    },
    {
        "user": "sois",
        "pid": "3729",
        "cpu_percentage": "0.0",
        "memory_percentage": "0.2",
        "time": "0:00",
        "command": "/usr/lib/gnome-settings-daemon/gsd-keyboard"
    },
    {
        "user": "sois",
        "pid": "3737",
        "cpu_percentage": "0.0",
        "memory_percentage": "0.2",
        "time": "0:00",
        "command": "/usr/lib/gnome-settings-daemon/gsd-media-keys"
    },
    {
        "user": "sois",
        "pid": "3741",
        "cpu_percentage": "0.0",
        "memory_percentage": "0.0",
        "time": "0:00",
        "command": "/usr/lib/gnome-settings-daemon/gsd-mouse"
    },
    {
        "user": "sois",
        "pid": "3767",
        "cpu_percentage": "0.0",
        "memory_percentage": "0.1",
        "time": "0:00",
        "command": "/usr/lib/gnome-settings-daemon/gsd-printer"
    },
    {
        "user": "sois",
        "pid": "3787",
        "cpu_percentage": "0.0",
        "memory_percentage": "0.7",
        "time": "0:00",
        "command": "nautilus-desktop"
    },
    {
        "user": "sois",
        "pid": "3788",
        "cpu_percentage": "0.0",
        "memory_percentage": "0.0",
        "time": "0:00",
        "command": "/usr/lib/gnome-disk-utility/gsd-disk-utility-notify"
    },
    {
        "user": "sois",
        "pid": "3802",
        "cpu_percentage": "0.0",
        "memory_percentage": "0.8",
        "time": "0:00",
        "command": "/usr/lib/evolution/evolution-calendar-factory"
    },
    {
        "user": "sois",
        "pid": "3829",
        "cpu_percentage": "0.0",
        "memory_percentage": "0.0",
        "time": "0:00",
        "command": "/usr/lib/ibus/ibus-engine-simple"
    },
    {
        "user": "sois",
        "pid": "3854",
        "cpu_percentage": "0.0",
        "memory_percentage": "0.0",
        "time": "0:00",
        "command": "/usr/lib/gvfs/gvfsd-trash"
    },
    {
        "user": "sois",
        "pid": "4167",
        "cpu_percentage": "0.3",
        "memory_percentage": "0.6",
        "time": "0:04",
        "command": "/usr/bin/nautilus"
    },
    {
        "user": "sois",
        "pid": "4191",
        "cpu_percentage": "0.0",
        "memory_percentage": "0.7",
        "time": "0:00",
        "command": "/usr/lib/evolution/evolution-calendar-factory-subprocess"
    },
    {
        "user": "sois",
        "pid": "4229",
        "cpu_percentage": "0.0",
        "memory_percentage": "0.2",
        "time": "0:00",
        "command": "/usr/lib/evolution/evolution-addressbook-factory"
    },
    {
        "user": "sois",
        "pid": "4333",
        "cpu_percentage": "0.0",
        "memory_percentage": "0.3",
        "time": "0:00",
        "command": "/usr/lib/evolution/evolution-addressbook-factory-subprocess"
    },
    {
        "user": "sois",
        "pid": "4344",
        "cpu_percentage": "0.0",
        "memory_percentage": "0.0",
        "time": "0:00",
        "command": "/usr/lib/gvfs/gvfsd-metadata"
    },
    {
        "user": "sois",
        "pid": "4590",
        "cpu_percentage": "1.5",
        "memory_percentage": "1.1",
        "time": "0:18",
        "command": "/snap/sublime-text/77/opt/sublime_text/sublime_text"
    },
    {
        "user": "sois",
        "pid": "4604",
        "cpu_percentage": "0.0",
        "memory_percentage": "0.3",
        "time": "0:00",
        "command": "/snap/sublime-text/77/opt/sublime_text/plugin_host"
    },
    {
        "user": "root",
        "pid": "4882",
        "cpu_percentage": "0.0",
        "memory_percentage": "0.0",
        "time": "0:00",
        "command": "[kworker/1:5]"
    },
    {
        "user": "root",
        "pid": "4958",
        "cpu_percentage": "0.0",
        "memory_percentage": "0.0",
        "time": "0:00",
        "command": "[kworker/2:5]"
    },
    {
        "user": "root",
        "pid": "5084",
        "cpu_percentage": "0.0",
        "memory_percentage": "0.0",
        "time": "0:00",
        "command": "[kworker/0:5]"
    },
    {
        "user": "sois",
        "pid": "5527",
        "cpu_percentage": "0.2",
        "memory_percentage": "2.1",
        "time": "0:02",
        "command": "/usr/bin/gnome-software"
    },
    {
        "user": "sois",
        "pid": "5529",
        "cpu_percentage": "0.0",
        "memory_percentage": "0.3",
        "time": "0:00",
        "command": "update-notifier"
    },
    {
        "user": "root",
        "pid": "5627",
        "cpu_percentage": "0.0",
        "memory_percentage": "0.2",
        "time": "0:00",
        "command": "/usr/lib/fwupd/fwupd"
    },
    {
        "user": "whoopsie",
        "pid": "5792",
        "cpu_percentage": "0.0",
        "memory_percentage": "0.1",
        "time": "0:00",
        "command": "/usr/bin/whoopsie"
    },
    {
        "user": "sois",
        "pid": "5941",
        "cpu_percentage": "0.0",
        "memory_percentage": "0.0",
        "time": "0:00",
        "command": "/usr/bin/ssh-agent"
    },
    {
        "user": "sois",
        "pid": "6458",
        "cpu_percentage": "0.0",
        "memory_percentage": "0.3",
        "time": "0:00",
        "command": "/usr/lib/deja-dup/deja-dup-monitor"
    },
    {
        "user": "sois",
        "pid": "6966",
        "cpu_percentage": "0.0",
        "memory_percentage": "0.1",
        "time": "0:00",
        "command": "/usr/bin/zeitgeist-daemon"
    },
    {
        "user": "sois",
        "pid": "6977",
        "cpu_percentage": "0.0",
        "memory_percentage": "0.2",
        "time": "0:00",
        "command": "/usr/lib/zeitgeist/zeitgeist/zeitgeist-fts"
    },
    {
        "user": "root",
        "pid": "7612",
        "cpu_percentage": "0.0",
        "memory_percentage": "0.1",
        "time": "0:00",
        "command": "/usr/sbin/cupsd"
    },
    {
        "user": "root",
        "pid": "7613",
        "cpu_percentage": "0.0",
        "memory_percentage": "0.1",
        "time": "0:00",
        "command": "/usr/sbin/cups-browsed"
    },
    {
        "user": "sois",
        "pid": "7761",
        "cpu_percentage": "10.6",
        "memory_percentage": "5.3",
        "time": "1:37",
        "command": "/usr/lib/firefox/firefox"
    },
    {
        "user": "sois",
        "pid": "7820",
        "cpu_percentage": "16.8",
        "memory_percentage": "4.8",
        "time": "2:32",
        "command": "/usr/lib/firefox/firefox"
    },
    {
        "user": "sois",
        "pid": "7905",
        "cpu_percentage": "0.0",
        "memory_percentage": "1.2",
        "time": "0:00",
        "command": "/usr/lib/firefox/firefox"
    },
    {
        "user": "root",
        "pid": "8072",
        "cpu_percentage": "0.0",
        "memory_percentage": "0.0",
        "time": "0:00",
        "command": "[kworker/u8:1]"
    },
    {
        "user": "sois",
        "pid": "8204",
        "cpu_percentage": "0.0",
        "memory_percentage": "0.9",
        "time": "0:00",
        "command": "/usr/lib/firefox/firefox"
    },
    {
        "user": "root",
        "pid": "8236",
        "cpu_percentage": "0.0",
        "memory_percentage": "0.0",
        "time": "0:00",
        "command": "[kworker/1:0]"
    },
    {
        "user": "root",
        "pid": "8241",
        "cpu_percentage": "0.0",
        "memory_percentage": "0.0",
        "time": "0:00",
        "command": "[kworker/2:1]"
    },
    {
        "user": "root",
        "pid": "8242",
        "cpu_percentage": "0.0",
        "memory_percentage": "0.0",
        "time": "0:00",
        "command": "[kworker/3:1]"
    },
    {
        "user": "sois",
        "pid": "8248",
        "cpu_percentage": "2.4",
        "memory_percentage": "0.6",
        "time": "0:12",
        "command": "gedit"
    },
    {
        "user": "root",
        "pid": "8810",
        "cpu_percentage": "0.0",
        "memory_percentage": "0.0",
        "time": "0:00",
        "command": "[kworker/0:1]"
    },
    {
        "user": "root",
        "pid": "8838",
        "cpu_percentage": "0.0",
        "memory_percentage": "0.0",
        "time": "0:00",
        "command": "[kworker/2:0]"
    },
    {
        "user": "root",
        "pid": "8839",
        "cpu_percentage": "0.0",
        "memory_percentage": "0.0",
        "time": "0:00",
        "command": "[kworker/3:2]"
    },
    {
        "user": "root",
        "pid": "8840",
        "cpu_percentage": "0.0",
        "memory_percentage": "0.0",
        "time": "0:00",
        "command": "[kworker/3:3]"
    },
    {
        "user": "sois",
        "pid": "8849",
        "cpu_percentage": "0.3",
        "memory_percentage": "0.4",
        "time": "0:00",
        "command": "/usr/lib/gnome-terminal/gnome-terminal-server"
    },
    {
        "user": "sois",
        "pid": "8858",
        "cpu_percentage": "0.0",
        "memory_percentage": "0.0",
        "time": "0:00",
        "command": "bash"
    },
    {
        "user": "sois",
        "pid": "8904",
        "cpu_percentage": "4.5",
        "memory_percentage": "0.3",
        "time": "0:00",
        "command": "python"
    },
    {
        "user": "root",
        "pid": "8975",
        "cpu_percentage": "0.0",
        "memory_percentage": "0.0",
        "time": "0:00",
        "command": "sshd:"
    },
    {
        "user": "sois",
        "pid": "9041",
        "cpu_percentage": "0.0",
        "memory_percentage": "0.0",
        "time": "0:00",
        "command": "sshd:"
    },
    {
        "user": "sois",
        "pid": "9042",
        "cpu_percentage": "0.0",
        "memory_percentage": "0.0",
        "time": "0:00",
        "command": "ps"
    }
]