[
    {
        "user": "USER",
        "pid": "PID",
        "cpu_percentage": "%CPU",
        "memory_percentage": "%MEM",
        "time": "TIME",
        "command": "COMMAND"
    },
    {
        "user": "root",
        "pid": "1",
        "cpu_percentage": "0.5",
        "memory_percentage": "0.1",
        "time": "0:03",
        "command": "/sbin/init"
    },
    {
        "user": "root",
        "pid": "2",
        "cpu_percentage": "0.0",
        "memory_percentage": "0.0",
        "time": "0:00",
        "command": "[kthreadd]"
    },
    {
        "user": "root",
        "pid": "4",
        "cpu_percentage": "0.0",
        "memory_percentage": "0.0",
        "time": "0:00",
        "command": "[kworker/0:0H]"
    },
    {
        "user": "root",
        "pid": "5",
        "cpu_percentage": "0.0",
        "memory_percentage": "0.0",
        "time": "0:00",
        "command": "[kworker/u8:0]"
    },
    {
        "user": "root",
        "pid": "6",
        "cpu_percentage": "0.0",
        "memory_percentage": "0.0",
        "time": "0:00",
        "command": "[mm_percpu_wq]"
    },
    {
        "user": "root",
        "pid": "7",
        "cpu_percentage": "0.0",
        "memory_percentage": "0.0",
        "time": "0:00",
        "command": "[ksoftirqd/0]"
    },
    {
        "user": "root",
        "pid": "8",
        "cpu_percentage": "0.0",
        "memory_percentage": "0.0",
        "time": "0:00",
        "command": "[rcu_sched]"
    },
    {
        "user": "root",
        "pid": "9",
        "cpu_percentage": "0.0",
        "memory_percentage": "0.0",
        "time": "0:00",
        "command": "[rcu_bh]"
    },
    {
        "user": "root",
        "pid": "10",
        "cpu_percentage": "0.0",
        "memory_percentage": "0.0",
        "time": "0:00",
        "command": "[migration/0]"
    },
    {
        "user": "root",
        "pid": "11",
        "cpu_percentage": "0.0",
        "memory_percentage": "0.0",
        "time": "0:00",
        "command": "[watchdog/0]"
    },
    {
        "user": "root",
        "pid": "12",
        "cpu_percentage": "0.0",
        "memory_percentage": "0.0",
        "time": "0:00",
        "command": "[cpuhp/0]"
    },
    {
        "user": "root",
        "pid": "13",
        "cpu_percentage": "0.0",
        "memory_percentage": "0.0",
        "time": "0:00",
        "command": "[cpuhp/1]"
    },
    {
        "user": "root",
        "pid": "14",
        "cpu_percentage": "0.0",
        "memory_percentage": "0.0",
        "time": "0:00",
        "command": "[watchdog/1]"
    },
    {
        "user": "root",
        "pid": "15",
        "cpu_percentage": "0.0",
        "memory_percentage": "0.0",
        "time": "0:00",
        "command": "[migration/1]"
    },
    {
        "user": "root",
        "pid": "16",
        "cpu_percentage": "0.0",
        "memory_percentage": "0.0",
        "time": "0:00",
        "command": "[ksoftirqd/1]"
    },
    {
        "user": "root",
        "pid": "18",
        "cpu_percentage": "0.0",
        "memory_percentage": "0.0",
        "time": "0:00",
        "command": "[kworker/1:0H]"
    },
    {
        "user": "root",
        "pid": "19",
        "cpu_percentage": "0.0",
        "memory_percentage": "0.0",
        "time": "0:00",
        "command": "[cpuhp/2]"
    },
    {
        "user": "root",
        "pid": "20",
        "cpu_percentage": "0.0",
        "memory_percentage": "0.0",
        "time": "0:00",
        "command": "[watchdog/2]"
    },
    {
        "user": "root",
        "pid": "21",
        "cpu_percentage": "0.0",
        "memory_percentage": "0.0",
        "time": "0:00",
        "command": "[migration/2]"
    },
    {
        "user": "root",
        "pid": "22",
        "cpu_percentage": "0.0",
        "memory_percentage": "0.0",
        "time": "0:00",
        "command": "[ksoftirqd/2]"
    },
    {
        "user": "root",
        "pid": "23",
        "cpu_percentage": "0.0",
        "memory_percentage": "0.0",
        "time": "0:00",
        "command": "[kworker/2:0]"
    },
    {
        "user": "root",
        "pid": "24",
        "cpu_percentage": "0.0",
        "memory_percentage": "0.0",
        "time": "0:00",
        "command": "[kworker/2:0H]"
    },
    {
        "user": "root",
        "pid": "25",
        "cpu_percentage": "0.0",
        "memory_percentage": "0.0",
        "time": "0:00",
        "command": "[cpuhp/3]"
    },
    {
        "user": "root",
        "pid": "26",
        "cpu_percentage": "0.0",
        "memory_percentage": "0.0",
        "time": "0:00",
        "command": "[watchdog/3]"
    },
    {
        "user": "root",
        "pid": "27",
        "cpu_percentage": "0.0",
        "memory_percentage": "0.0",
        "time": "0:00",
        "command": "[migration/3]"
    },
    {
        "user": "root",
        "pid": "28",
        "cpu_percentage": "0.0",
        "memory_percentage": "0.0",
        "time": "0:00",
        "command": "[ksoftirqd/3]"
    },
    {
        "user": "root",
        "pid": "30",
        "cpu_percentage": "0.0",
        "memory_percentage": "0.0",
        "time": "0:00",
        "command": "[kworker/3:0H]"
    },
    {
        "user": "root",
        "pid": "31",
        "cpu_percentage": "0.0",
        "memory_percentage": "0.0",
        "time": "0:00",
        "command": "[kdevtmpfs]"
    },
    {
        "user": "root",
        "pid": "32",
        "cpu_percentage": "0.0",
        "memory_percentage": "0.0",
        "time": "0:00",
        "command": "[netns]"
    },
    {
        "user": "root",
        "pid": "33",
        "cpu_percentage": "0.0",
        "memory_percentage": "0.0",
        "time": "0:00",
        "command": "[rcu_tasks_kthre]"
    },
    {
        "user": "root",
        "pid": "34",
        "cpu_percentage": "0.0",
        "memory_percentage": "0.0",
        "time": "0:00",
        "command": "[kauditd]"
    },
    {
        "user": "root",
        "pid": "35",
        "cpu_percentage": "0.0",
        "memory_percentage": "0.0",
        "time": "0:00",
        "command": "[kworker/0:1]"
    },
    {
        "user": "root",
        "pid": "38",
        "cpu_percentage": "0.0",
        "memory_percentage": "0.0",
        "time": "0:00",
        "command": "[khungtaskd]"
    },
    {
        "user": "root",
        "pid": "39",
        "cpu_percentage": "0.0",
        "memory_percentage": "0.0",
        "time": "0:00",
        "command": "[oom_reaper]"
    },
    {
        "user": "root",
        "pid": "40",
        "cpu_percentage": "0.0",
        "memory_percentage": "0.0",
        "time": "0:00",
        "command": "[writeback]"
    },
    {
        "user": "root",
        "pid": "41",
        "cpu_percentage": "0.0",
        "memory_percentage": "0.0",
        "time": "0:00",
        "command": "[kcompactd0]"
    },
    {
        "user": "root",
        "pid": "42",
        "cpu_percentage": "0.0",
        "memory_percentage": "0.0",
        "time": "0:00",
        "command": "[ksmd]"
    },
    {
        "user": "root",
        "pid": "43",
        "cpu_percentage": "0.0",
        "memory_percentage": "0.0",
        "time": "0:00",
        "command": "[khugepaged]"
    },
    {
        "user": "root",
        "pid": "44",
        "cpu_percentage": "0.0",
        "memory_percentage": "0.0",
        "time": "0:00",
        "command": "[crypto]"
    },
    {
        "user": "root",
        "pid": "45",
        "cpu_percentage": "0.0",
        "memory_percentage": "0.0",
        "time": "0:00",
        "command": "[kintegrityd]"
    },
    {
        "user": "root",
        "pid": "46",
        "cpu_percentage": "0.0",
        "memory_percentage": "0.0",
        "time": "0:00",
        "command": "[kblockd]"
    },
    {
        "user": "root",
        "pid": "48",
        "cpu_percentage": "0.0",
        "memory_percentage": "0.0",
        "time": "0:00",
        "command": "[ata_sff]"
    },
    {
        "user": "root",
        "pid": "49",
        "cpu_percentage": "0.0",
        "memory_percentage": "0.0",
        "time": "0:00",
        "command": "[md]"
    },
    {
        "user": "root",
        "pid": "50",
        "cpu_percentage": "0.0",
        "memory_percentage": "0.0",
        "time": "0:00",
        "command": "[edac-poller]"
    },
    {
        "user": "root",
        "pid": "51",
        "cpu_percentage": "0.0",
        "memory_percentage": "0.0",
        "time": "0:00",
        "command": "[devfreq_wq]"
    },
    {
        "user": "root",
        "pid": "52",
        "cpu_percentage": "0.0",
        "memory_percentage": "0.0",
        "time": "0:00",
        "command": "[watchdogd]"
    },
    {
        "user": "root",
        "pid": "53",
        "cpu_percentage": "0.0",
        "memory_percentage": "0.0",
        "time": "0:00",
        "command": "[kworker/u8:1]"
    },
    {
        "user": "root",
        "pid": "55",
        "cpu_percentage": "0.0",
        "memory_percentage": "0.0",
        "time": "0:00",
        "command": "[kswapd0]"
    },
    {
        "user": "root",
        "pid": "56",
        "cpu_percentage": "0.0",
        "memory_percentage": "0.0",
        "time": "0:00",
        "command": "[kworker/u9:0]"
    },
    {
        "user": "root",
        "pid": "57",
        "cpu_percentage": "0.0",
        "memory_percentage": "0.0",
        "time": "0:00",
        "command": "[ecryptfs-kthrea]"
    },
    {
        "user": "root",
        "pid": "99",
        "cpu_percentage": "0.0",
        "memory_percentage": "0.0",
        "time": "0:00",
        "command": "[kthrotld]"
    },
    {
        "user": "root",
        "pid": "100",
        "cpu_percentage": "0.0",
        "memory_percentage": "0.0",
        "time": "0:00",
        "command": "[acpi_thermal_pm]"
    },
    {
        "user": "root",
        "pid": "104",
        "cpu_percentage": "0.0",
        "memory_percentage": "0.0",
        "time": "0:00",
        "command": "[ipv6_addrconf]"
    },
    {
        "user": "root",
        "pid": "113",
        "cpu_percentage": "0.0",
        "memory_percentage": "0.0",
        "time": "0:00",
        "command": "[kstrp]"
    },
    {
        "user": "root",
        "pid": "135",
        "cpu_percentage": "0.0",
        "memory_percentage": "0.0",
        "time": "0:00",
        "command": "[charger_manager]"
    },
    {
        "user": "root",
        "pid": "182",
        "cpu_percentage": "0.0",
        "memory_percentage": "0.0",
        "time": "0:00",
        "command": "[kworker/3:2]"
    },
    {
        "user": "root",
        "pid": "183",
        "cpu_percentage": "0.0",
        "memory_percentage": "0.0",
        "time": "0:00",
        "command": "[scsi_eh_0]"
    },
    {
        "user": "root",
        "pid": "184",
        "cpu_percentage": "0.0",
        "memory_percentage": "0.0",
        "time": "0:00",
        "command": "[scsi_tmf_0]"
    },
    {
        "user": "root",
        "pid": "185",
        "cpu_percentage": "0.0",
        "memory_percentage": "0.0",
        "time": "0:00",
        "command": "[scsi_eh_1]"
    },
    {
        "user": "root",
        "pid": "186",
        "cpu_percentage": "0.0",
        "memory_percentage": "0.0",
        "time": "0:00",
        "command": "[scsi_tmf_1]"
    },
    {
        "user": "root",
        "pid": "187",
        "cpu_percentage": "0.0",
        "memory_percentage": "0.0",
        "time": "0:00",
        "command": "[scsi_eh_2]"
    },
    {
        "user": "root",
        "pid": "188",
        "cpu_percentage": "0.0",
        "memory_percentage": "0.0",
        "time": "0:00",
        "command": "[scsi_tmf_2]"
    },
    {
        "user": "root",
        "pid": "189",
        "cpu_percentage": "0.0",
        "memory_percentage": "0.0",
        "time": "0:00",
        "command": "[scsi_eh_3]"
    },
    {
        "user": "root",
        "pid": "190",
        "cpu_percentage": "0.0",
        "memory_percentage": "0.0",
        "time": "0:00",
        "command": "[scsi_tmf_3]"
    },
    {
        "user": "root",
        "pid": "191",
        "cpu_percentage": "0.0",
        "memory_percentage": "0.0",
        "time": "0:00",
        "command": "[kworker/u8:3]"
    },
    {
        "user": "root",
        "pid": "192",
        "cpu_percentage": "0.0",
        "memory_percentage": "0.0",
        "time": "0:00",
        "command": "[kworker/u8:4]"
    },
    {
        "user": "root",
        "pid": "196",
        "cpu_percentage": "0.0",
        "memory_percentage": "0.0",
        "time": "0:00",
        "command": "[kworker/3:1H]"
    },
    {
        "user": "root",
        "pid": "226",
        "cpu_percentage": "0.0",
        "memory_percentage": "0.0",
        "time": "0:00",
        "command": "[jbd2/sda7-8]"
    },
    {
        "user": "root",
        "pid": "227",
        "cpu_percentage": "0.0",
        "memory_percentage": "0.0",
        "time": "0:00",
        "command": "[ext4-rsv-conver]"
    },
    {
        "user": "root",
        "pid": "257",
        "cpu_percentage": "0.0",
        "memory_percentage": "0.0",
        "time": "0:00",
        "command": "[kworker/0:1H]"
    },
    {
        "user": "root",
        "pid": "267",
        "cpu_percentage": "0.0",
        "memory_percentage": "0.0",
        "time": "0:00",
        "command": "[kworker/1:1H]"
    },
    {
        "user": "root",
        "pid": "269",
        "cpu_percentage": "0.0",
        "memory_percentage": "1.0",
        "time": "0:00",
        "command": "/lib/systemd/systemd-journald"
    },
    {
        "user": "root",
        "pid": "276",
        "cpu_percentage": "0.0",
        "memory_percentage": "0.0",
        "time": "0:00",
        "command": "[kworker/0:2]"
    },
    {
        "user": "root",
        "pid": "279",
        "cpu_percentage": "0.0",
        "memory_percentage": "0.0",
        "time": "0:00",
        "command": "[kworker/2:1H]"
    },
    {
        "user": "root",
        "pid": "308",
        "cpu_percentage": "0.5",
        "memory_percentage": "0.0",
        "time": "0:03",
        "command": "/lib/systemd/systemd-udevd"
    },
    {
        "user": "root",
        "pid": "376",
        "cpu_percentage": "0.0",
        "memory_percentage": "0.0",
        "time": "0:00",
        "command": "[irq/126-mei_me]"
    },
    {
        "user": "root",
        "pid": "427",
        "cpu_percentage": "0.0",
        "memory_percentage": "0.0",
        "time": "0:00",
        "command": "[kmemstick]"
    },
    {
        "user": "root",
        "pid": "430",
        "cpu_percentage": "0.0",
        "memory_percentage": "0.0",
        "time": "0:00",
        "command": "[loop0]"
    },
    {
        "user": "root",
        "pid": "432",
        "cpu_percentage": "0.0",
        "memory_percentage": "0.0",
        "time": "0:00",
        "command": "[loop1]"
    },
    {
        "user": "root",
        "pid": "435",
        "cpu_percentage": "0.0",
        "memory_percentage": "0.0",
        "time": "0:00",
        "command": "[loop2]"
    },
    {
        "user": "root",
        "pid": "437",
        "cpu_percentage": "0.0",
        "memory_percentage": "0.0",
        "time": "0:00",
        "command": "[loop3]"
    },
    {
        "user": "root",
        "pid": "438",
        "cpu_percentage": "0.0",
        "memory_percentage": "0.0",
        "time": "0:00",
        "command": "[loop4]"
    },
    {
        "user": "root",
        "pid": "439",
        "cpu_percentage": "0.0",
        "memory_percentage": "0.0",
        "time": "0:00",
        "command": "[i915/signal:0]"
    },
    {
        "user": "root",
        "pid": "440",
        "cpu_percentage": "0.0",
        "memory_percentage": "0.0",
        "time": "0:00",
        "command": "[i915/signal:1]"
    },
    {
        "user": "root",
        "pid": "441",
        "cpu_percentage": "0.0",
        "memory_percentage": "0.0",
        "time": "0:00",
        "command": "[i915/signal:2]"
    },
    {
        "user": "root",
        "pid": "442",
        "cpu_percentage": "0.0",
        "memory_percentage": "0.0",
        "time": "0:00",
        "command": "[i915/signal:4]"
    },
    {
        "user": "root",
        "pid": "449",
        "cpu_percentage": "0.0",
        "memory_percentage": "0.0",
        "time": "0:00",
        "command": "[loop5]"
    },
    {
        "user": "root",
        "pid": "451",
        "cpu_percentage": "0.0",
        "memory_percentage": "0.0",
        "time": "0:00",
        "command": "[loop6]"
    },
    {
        "user": "root",
        "pid": "462",
        "cpu_percentage": "0.0",
        "memory_percentage": "0.0",
        "time": "0:00",
        "command": "[loop7]"
    },
    {
        "user": "root",
        "pid": "464",
        "cpu_percentage": "0.0",
        "memory_percentage": "0.0",
        "time": "0:00",
        "command": "[loop8]"
    },
    {
        "user": "root",
        "pid": "467",
        "cpu_percentage": "0.0",
        "memory_percentage": "0.0",
        "time": "0:00",
        "command": "[loop9]"
    },
    {
        "user": "root",
        "pid": "468",
        "cpu_percentage": "0.0",
        "memory_percentage": "0.0",
        "time": "0:00",
        "command": "[loop10]"
    },
    {
        "user": "root",
        "pid": "469",
        "cpu_percentage": "0.0",
        "memory_percentage": "0.0",
        "time": "0:00",
        "command": "[loop11]"
    },
    {
        "user": "root",
        "pid": "470",
        "cpu_percentage": "0.0",
        "memory_percentage": "0.0",
        "time": "0:00",
        "command": "[loop12]"
    },
    {
        "user": "root",
        "pid": "471",
        "cpu_percentage": "0.0",
        "memory_percentage": "0.0",
        "time": "0:00",
        "command": "[loop13]"
    },
    {
        "user": "root",
        "pid": "472",
        "cpu_percentage": "0.0",
        "memory_percentage": "0.0",
        "time": "0:00",
        "command": "[loop14]"
    },
    {
        "user": "root",
        "pid": "473",
        "cpu_percentage": "0.0",
        "memory_percentage": "0.0",
        "time": "0:00",
        "command": "[loop15]"
    },
    {
        "user": "root",
        "pid": "474",
        "cpu_percentage": "0.0",
        "memory_percentage": "0.0",
        "time": "0:00",
        "command": "[loop16]"
    },
    {
        "user": "root",
        "pid": "475",
        "cpu_percentage": "0.0",
        "memory_percentage": "0.0",
        "time": "0:00",
        "command": "[loop17]"
    },
    {
        "user": "root",
        "pid": "476",
        "cpu_percentage": "0.0",
        "memory_percentage": "0.0",
        "time": "0:00",
        "command": "[loop18]"
    },
    {
        "user": "root",
        "pid": "477",
        "cpu_percentage": "0.0",
        "memory_percentage": "0.0",
        "time": "0:00",
        "command": "[loop19]"
    },
    {
        "user": "root",
        "pid": "621",
        "cpu_percentage": "0.0",
        "memory_percentage": "0.0",
        "time": "0:00",
        "command": "[kworker/0:3]"
    },
    {
        "user": "systemd+",
        "pid": "892",
        "cpu_percentage": "0.0",
        "memory_percentage": "0.0",
        "time": "0:00",
        "command": "/lib/systemd/systemd-timesyncd"
    },
    {
        "user": "systemd+",
        "pid": "893",
        "cpu_percentage": "0.0",
        "memory_percentage": "0.0",
        "time": "0:00",
        "command": "/lib/systemd/systemd-resolved"
    },
    {
        "user": "root",
        "pid": "1071",
        "cpu_percentage": "0.0",
        "memory_percentage": "0.2",
        "time": "0:00",
        "command": "/usr/bin/python3"
    },
    {
        "user": "root",
        "pid": "1075",
        "cpu_percentage": "0.0",
        "memory_percentage": "0.1",
        "time": "0:00",
        "command": "/usr/sbin/ModemManager"
    },
    {
        "user": "root",
        "pid": "1077",
        "cpu_percentage": "0.0",
        "memory_percentage": "0.0",
        "time": "0:00",
        "command": "/lib/systemd/systemd-logind"
    },
    {
        "user": "syslog",
        "pid": "1079",
        "cpu_percentage": "0.0",
        "memory_percentage": "0.0",
        "time": "0:00",
        "command": "/usr/sbin/rsyslogd"
    },
    {
        "user": "root",
        "pid": "1080",
        "cpu_percentage": "0.0",
        "memory_percentage": "0.1",
        "time": "0:00",
        "command": "/usr/lib/udisks2/udisksd"
    },
    {
        "user": "root",
        "pid": "1086",
        "cpu_percentage": "0.0",
        "memory_percentage": "0.0",
        "time": "0:00",
        "command": "/usr/sbin/acpid"
    },
    {
        "user": "root",
        "pid": "1092",
        "cpu_percentage": "0.0",
        "memory_percentage": "0.1",
        "time": "0:00",
        "command": "/usr/sbin/thermald"
    },
    {
        "user": "root",
        "pid": "1097",
        "cpu_percentage": "0.0",
        "memory_percentage": "0.0",
        "time": "0:00",
        "command": "/usr/sbin/cron"
    },
    {
        "user": "message+",
        "pid": "1098",
        "cpu_percentage": "0.1",
        "memory_percentage": "0.0",
        "time": "0:01",
        "command": "/usr/bin/dbus-daemon"
    },
    {
        "user": "root",
        "pid": "1133",
        "cpu_percentage": "0.0",
        "memory_percentage": "0.0",
        "time": "0:00",
        "command": "/usr/bin/vmware-usbarbitrator"
    },
    {
        "user": "root",
        "pid": "1168",
        "cpu_percentage": "0.0",
        "memory_percentage": "0.2",
        "time": "0:00",
        "command": "/usr/sbin/NetworkManager"
    },
    {
        "user": "root",
        "pid": "1169",
        "cpu_percentage": "0.0",
        "memory_percentage": "0.0",
        "time": "0:00",
        "command": "/sbin/wpa_supplicant"
    },
    {
        "user": "root",
        "pid": "1171",
        "cpu_percentage": "0.0",
        "memory_percentage": "0.0",
        "time": "0:00",
        "command": "/usr/lib/accountsservice/accounts-daemon"
    },
    {
        "user": "root",
        "pid": "1179",
        "cpu_percentage": "0.0",
        "memory_percentage": "0.0",
        "time": "0:00",
        "command": "/usr/sbin/irqbalance"
    },
    {
        "user": "avahi",
        "pid": "1187",
        "cpu_percentage": "0.0",
        "memory_percentage": "0.0",
        "time": "0:00",
        "command": "avahi-daemon:"
    },
    {
        "user": "root",
        "pid": "1202",
        "cpu_percentage": "0.2",
        "memory_percentage": "0.3",
        "time": "0:01",
        "command": "/usr/lib/snapd/snapd"
    },
    {
        "user": "avahi",
        "pid": "1281",
        "cpu_percentage": "0.0",
        "memory_percentage": "0.0",
        "time": "0:00",
        "command": "avahi-daemon:"
    },
    {
        "user": "root",
        "pid": "1340",
        "cpu_percentage": "0.0",
        "memory_percentage": "0.1",
        "time": "0:00",
        "command": "/usr/lib/policykit-1/polkitd"
    },
    {
        "user": "root",
        "pid": "1524",
        "cpu_percentage": "0.0",
        "memory_percentage": "0.2",
        "time": "0:00",
        "command": "/usr/bin/python3"
    },
    {
        "user": "root",
        "pid": "1532",
        "cpu_percentage": "0.0",
        "memory_percentage": "0.4",
        "time": "0:00",
        "command": "/usr/bin/containerd"
    },
    {
        "user": "root",
        "pid": "1600",
        "cpu_percentage": "0.0",
        "memory_percentage": "0.0",
        "time": "0:00",
        "command": "/usr/sbin/sshd"
    },
    {
        "user": "nagios",
        "pid": "1609",
        "cpu_percentage": "0.0",
        "memory_percentage": "0.0",
        "time": "0:00",
        "command": "/usr/local/nagios/bin/nagios"
    },
    {
        "user": "root",
        "pid": "1634",
        "cpu_percentage": "0.0",
        "memory_percentage": "0.0",
        "time": "0:00",
        "command": "/usr/sbin/gdm3"
    },
    {
        "user": "nagios",
        "pid": "1636",
        "cpu_percentage": "0.0",
        "memory_percentage": "0.0",
        "time": "0:00",
        "command": "/usr/local/nagios/bin/nagios"
    },
    {
        "user": "nagios",
        "pid": "1637",
        "cpu_percentage": "0.0",
        "memory_percentage": "0.0",
        "time": "0:00",
        "command": "/usr/local/nagios/bin/nagios"
    },
    {
        "user": "nagios",
        "pid": "1638",
        "cpu_percentage": "0.0",
        "memory_percentage": "0.0",
        "time": "0:00",
        "command": "/usr/local/nagios/bin/nagios"
    },
    {
        "user": "nagios",
        "pid": "1640",
        "cpu_percentage": "0.0",
        "memory_percentage": "0.0",
        "time": "0:00",
        "command": "/usr/local/nagios/bin/nagios"
    },
    {
        "user": "nagios",
        "pid": "1641",
        "cpu_percentage": "0.0",
        "memory_percentage": "0.0",
        "time": "0:00",
        "command": "/usr/local/nagios/bin/nagios"
    },
    {
        "user": "nagios",
        "pid": "1642",
        "cpu_percentage": "0.0",
        "memory_percentage": "0.0",
        "time": "0:00",
        "command": "/usr/local/nagios/bin/nagios"
    },
    {
        "user": "nagios",
        "pid": "1655",
        "cpu_percentage": "0.0",
        "memory_percentage": "0.0",
        "time": "0:00",
        "command": "/usr/local/nagios/bin/nagios"
    },
    {
        "user": "root",
        "pid": "1685",
        "cpu_percentage": "0.0",
        "memory_percentage": "0.1",
        "time": "0:00",
        "command": "gdm-session-worker"
    },
    {
        "user": "root",
        "pid": "1708",
        "cpu_percentage": "0.0",
        "memory_percentage": "0.0",
        "time": "0:00",
        "command": "/usr/sbin/apache2"
    },
    {
        "user": "mysql",
        "pid": "1776",
        "cpu_percentage": "0.0",
        "memory_percentage": "2.1",
        "time": "0:00",
        "command": "/usr/sbin/mysqld"
    },
    {
        "user": "gdm",
        "pid": "1801",
        "cpu_percentage": "0.0",
        "memory_percentage": "0.1",
        "time": "0:00",
        "command": "/lib/systemd/systemd"
    },
    {
        "user": "gdm",
        "pid": "1805",
        "cpu_percentage": "0.0",
        "memory_percentage": "0.0",
        "time": "0:00",
        "command": "(sd-pam)"
    },
    {
        "user": "gdm",
        "pid": "1896",
        "cpu_percentage": "0.0",
        "memory_percentage": "0.0",
        "time": "0:00",
        "command": "/usr/lib/gdm3/gdm-wayland-session"
    },
    {
        "user": "gdm",
        "pid": "1902",
        "cpu_percentage": "0.0",
        "memory_percentage": "0.0",
        "time": "0:00",
        "command": "/usr/bin/dbus-daemon"
    },
    {
        "user": "gdm",
        "pid": "1914",
        "cpu_percentage": "0.0",
        "memory_percentage": "0.1",
        "time": "0:00",
        "command": "/usr/lib/gnome-session/gnome-session-binary"
    },
    {
        "user": "root",
        "pid": "1931",
        "cpu_percentage": "0.0",
        "memory_percentage": "0.0",
        "time": "0:00",
        "command": "/sbin/dhclient"
    },
    {
        "user": "gdm",
        "pid": "1943",
        "cpu_percentage": "0.4",
        "memory_percentage": "1.8",
        "time": "0:03",
        "command": "/usr/bin/gnome-shell"
    },
    {
        "user": "root",
        "pid": "1952",
        "cpu_percentage": "0.0",
        "memory_percentage": "0.1",
        "time": "0:00",
        "command": "/usr/lib/upower/upowerd"
    },
    {
        "user": "gdm",
        "pid": "1981",
        "cpu_percentage": "0.0",
        "memory_percentage": "0.5",
        "time": "0:00",
        "command": "/usr/bin/Xwayland"
    },
    {
        "user": "gdm",
        "pid": "1990",
        "cpu_percentage": "0.0",
        "memory_percentage": "0.0",
        "time": "0:00",
        "command": "/usr/lib/at-spi2-core/at-spi-bus-launcher"
    },
    {
        "user": "gdm",
        "pid": "1995",
        "cpu_percentage": "0.0",
        "memory_percentage": "0.0",
        "time": "0:00",
        "command": "/usr/bin/dbus-daemon"
    },
    {
        "user": "gdm",
        "pid": "1997",
        "cpu_percentage": "0.0",
        "memory_percentage": "0.0",
        "time": "0:00",
        "command": "/usr/lib/at-spi2-core/at-spi2-registryd"
    },
    {
        "user": "gdm",
        "pid": "2001",
        "cpu_percentage": "0.0",
        "memory_percentage": "0.1",
        "time": "0:00",
        "command": "/usr/bin/pulseaudio"
    },
    {
        "user": "rtkit",
        "pid": "2002",
        "cpu_percentage": "0.0",
        "memory_percentage": "0.0",
        "time": "0:00",
        "command": "/usr/lib/rtkit/rtkit-daemon"
    },
    {
        "user": "gdm",
        "pid": "2035",
        "cpu_percentage": "0.0",
        "memory_percentage": "0.0",
        "time": "0:00",
        "command": "ibus-daemon"
    },
    {
        "user": "gdm",
        "pid": "2038",
        "cpu_percentage": "0.0",
        "memory_percentage": "0.0",
        "time": "0:00",
        "command": "/usr/lib/ibus/ibus-dconf"
    },
    {
        "user": "gdm",
        "pid": "2040",
        "cpu_percentage": "0.0",
        "memory_percentage": "0.3",
        "time": "0:00",
        "command": "/usr/lib/ibus/ibus-x11"
    },
    {
        "user": "gdm",
        "pid": "2043",
        "cpu_percentage": "0.0",
        "memory_percentage": "0.0",
        "time": "0:00",
        "command": "/usr/lib/ibus/ibus-portal"
    },
    {
        "user": "gdm",
        "pid": "2048",
        "cpu_percentage": "0.0",
        "memory_percentage": "0.0",
        "time": "0:00",
        "command": "/usr/libexec/xdg-permission-store"
    },
    {
        "user": "root",
        "pid": "2073",
        "cpu_percentage": "0.0",
        "memory_percentage": "0.0",
        "time": "0:00",
        "command": "/usr/lib/x86_64-linux-gnu/boltd"
    },
    {
        "user": "root",
        "pid": "2088",
        "cpu_percentage": "0.0",
        "memory_percentage": "0.1",
        "time": "0:00",
        "command": "/usr/lib/packagekit/packagekitd"
    },
    {
        "user": "gdm",
        "pid": "2097",
        "cpu_percentage": "0.0",
        "memory_percentage": "0.3",
        "time": "0:00",
        "command": "/usr/lib/gnome-settings-daemon/gsd-xsettings"
    },
    {
        "user": "gdm",
        "pid": "2098",
        "cpu_percentage": "0.0",
        "memory_percentage": "0.0",
        "time": "0:00",
        "command": "/usr/lib/gnome-settings-daemon/gsd-a11y-settings"
    },
    {
        "user": "gdm",
        "pid": "2100",
        "cpu_percentage": "0.0",
        "memory_percentage": "0.3",
        "time": "0:00",
        "command": "/usr/lib/gnome-settings-daemon/gsd-clipboard"
    },
    {
        "user": "gdm",
        "pid": "2102",
        "cpu_percentage": "0.0",
        "memory_percentage": "0.3",
        "time": "0:00",
        "command": "/usr/lib/gnome-settings-daemon/gsd-color"
    },
    {
        "user": "gdm",
        "pid": "2105",
        "cpu_percentage": "0.0",
        "memory_percentage": "0.1",
        "time": "0:00",
        "command": "/usr/lib/gnome-settings-daemon/gsd-datetime"
    },
    {
        "user": "gdm",
        "pid": "2106",
        "cpu_percentage": "0.0",
        "memory_percentage": "0.0",
        "time": "0:00",
        "command": "/usr/lib/gnome-settings-daemon/gsd-housekeeping"
    },
    {
        "user": "gdm",
        "pid": "2107",
        "cpu_percentage": "0.0",
        "memory_percentage": "0.3",
        "time": "0:00",
        "command": "/usr/lib/gnome-settings-daemon/gsd-keyboard"
    },
    {
        "user": "gdm",
        "pid": "2114",
        "cpu_percentage": "0.0",
        "memory_percentage": "0.3",
        "time": "0:00",
        "command": "/usr/lib/gnome-settings-daemon/gsd-media-keys"
    },
    {
        "user": "gdm",
        "pid": "2115",
        "cpu_percentage": "0.0",
        "memory_percentage": "0.0",
        "time": "0:00",
        "command": "/usr/lib/gnome-settings-daemon/gsd-mouse"
    },
    {
        "user": "gdm",
        "pid": "2123",
        "cpu_percentage": "0.0",
        "memory_percentage": "0.3",
        "time": "0:00",
        "command": "/usr/lib/gnome-settings-daemon/gsd-power"
    },
    {
        "user": "gdm",
        "pid": "2127",
        "cpu_percentage": "0.0",
        "memory_percentage": "0.1",
        "time": "0:00",
        "command": "/usr/lib/gnome-settings-daemon/gsd-print-notifications"
    },
    {
        "user": "gdm",
        "pid": "2128",
        "cpu_percentage": "0.0",
        "memory_percentage": "0.0",
        "time": "0:00",
        "command": "/usr/lib/gnome-settings-daemon/gsd-rfkill"
    },
    {
        "user": "gdm",
        "pid": "2132",
        "cpu_percentage": "0.0",
        "memory_percentage": "0.0",
        "time": "0:00",
        "command": "/usr/lib/gnome-settings-daemon/gsd-screensaver-proxy"
    },
    {
        "user": "gdm",
        "pid": "2134",
        "cpu_percentage": "0.0",
        "memory_percentage": "0.0",
        "time": "0:00",
        "command": "/usr/lib/gnome-settings-daemon/gsd-sharing"
    },
    {
        "user": "gdm",
        "pid": "2139",
        "cpu_percentage": "0.0",
        "memory_percentage": "0.0",
        "time": "0:00",
        "command": "/usr/lib/gnome-settings-daemon/gsd-smartcard"
    },
    {
        "user": "gdm",
        "pid": "2141",
        "cpu_percentage": "0.0",
        "memory_percentage": "0.0",
        "time": "0:00",
        "command": "/usr/lib/gnome-settings-daemon/gsd-sound"
    },
    {
        "user": "gdm",
        "pid": "2149",
        "cpu_percentage": "0.0",
        "memory_percentage": "0.3",
        "time": "0:00",
        "command": "/usr/lib/gnome-settings-daemon/gsd-wacom"
    },
    {
        "user": "gdm",
        "pid": "2169",
        "cpu_percentage": "0.0",
        "memory_percentage": "0.0",
        "time": "0:00",
        "command": "/usr/lib/ibus/ibus-engine-simple"
    },
    {
        "user": "colord",
        "pid": "2212",
        "cpu_percentage": "0.0",
        "memory_percentage": "0.1",
        "time": "0:00",
        "command": "/usr/lib/colord/colord"
    },
    {
        "user": "root",
        "pid": "2277",
        "cpu_percentage": "0.0",
        "memory_percentage": "0.0",
        "time": "0:00",
        "command": "[kworker/1:3]"
    },
    {
        "user": "root",
        "pid": "2320",
        "cpu_percentage": "0.1",
        "memory_percentage": "0.9",
        "time": "0:01",
        "command": "/usr/bin/dockerd"
    },
    {
        "user": "kernoops",
        "pid": "2324",
        "cpu_percentage": "0.0",
        "memory_percentage": "0.0",
        "time": "0:00",
        "command": "/usr/sbin/kerneloops"
    },
    {
        "user": "kernoops",
        "pid": "2339",
        "cpu_percentage": "0.0",
        "memory_percentage": "0.0",
        "time": "0:00",
        "command": "/usr/sbin/kerneloops"
    },
    {
        "user": "root",
        "pid": "2529",
        "cpu_percentage": "0.0",
        "memory_percentage": "0.0",
        "time": "0:00",
        "command": "/usr/lib/vmware/bin/vmware-vmblock-fuse"
    },
    {
        "user": "root",
        "pid": "2554",
        "cpu_percentage": "0.0",
        "memory_percentage": "0.0",
        "time": "0:00",
        "command": "/usr/sbin/vmware-authdlauncher"
    },
    {
        "user": "root",
        "pid": "3867",
        "cpu_percentage": "0.0",
        "memory_percentage": "0.0",
        "time": "0:00",
        "command": "[kworker/3:3]"
    },
    {
        "user": "root",
        "pid": "4136",
        "cpu_percentage": "0.0",
        "memory_percentage": "0.0",
        "time": "0:00",
        "command": "[kworker/2:5]"
    },
    {
        "user": "root",
        "pid": "4231",
        "cpu_percentage": "0.0",
        "memory_percentage": "0.0",
        "time": "0:00",
        "command": "[kworker/1:4]"
    },
    {
        "user": "root",
        "pid": "4232",
        "cpu_percentage": "0.0",
        "memory_percentage": "0.0",
        "time": "0:00",
        "command": "[kworker/1:5]"
    },
    {
        "user": "whoopsie",
        "pid": "5071",
        "cpu_percentage": "0.0",
        "memory_percentage": "0.1",
        "time": "0:00",
        "command": "/usr/bin/whoopsie"
    },
    {
        "user": "www-data",
        "pid": "7116",
        "cpu_percentage": "0.0",
        "memory_percentage": "0.0",
        "time": "0:00",
        "command": "/usr/sbin/apache2"
    },
    {
        "user": "www-data",
        "pid": "7117",
        "cpu_percentage": "0.0",
        "memory_percentage": "0.0",
        "time": "0:00",
        "command": "/usr/sbin/apache2"
    },
    {
        "user": "www-data",
        "pid": "7118",
        "cpu_percentage": "0.0",
        "memory_percentage": "0.0",
        "time": "0:00",
        "command": "/usr/sbin/apache2"
    },
    {
        "user": "root",
        "pid": "7198",
        "cpu_percentage": "0.0",
        "memory_percentage": "0.1",
        "time": "0:00",
        "command": "/usr/sbin/cupsd"
    },
    {
        "user": "root",
        "pid": "7201",
        "cpu_percentage": "0.0",
        "memory_percentage": "0.1",
        "time": "0:00",
        "command": "/usr/sbin/cups-browsed"
    },
    {
        "user": "root",
        "pid": "8292",
        "cpu_percentage": "0.0",
        "memory_percentage": "0.0",
        "time": "0:00",
        "command": "[kworker/0:0]"
    },
    {
        "user": "root",
        "pid": "8681",
        "cpu_percentage": "0.0",
        "memory_percentage": "0.0",
        "time": "0:00",
        "command": "[kworker/1:0]"
    },
    {
        "user": "root",
        "pid": "8750",
        "cpu_percentage": "0.0",
        "memory_percentage": "0.0",
        "time": "0:00",
        "command": "[kworker/2:1]"
    },
    {
        "user": "root",
        "pid": "8815",
        "cpu_percentage": "0.0",
        "memory_percentage": "0.0",
        "time": "0:00",
        "command": "[kworker/3:0]"
    },
    {
        "user": "root",
        "pid": "9496",
        "cpu_percentage": "0.0",
        "memory_percentage": "0.0",
        "time": "0:00",
        "command": "[kworker/3:1]"
    },
    {
        "user": "root",
        "pid": "9775",
        "cpu_percentage": "0.0",
        "memory_percentage": "0.0",
        "time": "0:00",
        "command": "sshd:"
    },
    {
        "user": "sois",
        "pid": "9778",
        "cpu_percentage": "0.0",
        "memory_percentage": "0.1",
        "time": "0:00",
        "command": "/lib/systemd/systemd"
    },
    {
        "user": "sois",
        "pid": "9779",
        "cpu_percentage": "0.0",
        "memory_percentage": "0.0",
        "time": "0:00",
        "command": "(sd-pam)"
    },
    {
        "user": "sois",
        "pid": "9852",
        "cpu_percentage": "0.0",
        "memory_percentage": "0.0",
        "time": "0:00",
        "command": "sshd:"
    },
    {
        "user": "sois",
        "pid": "9853",
        "cpu_percentage": "0.0",
        "memory_percentage": "0.0",
        "time": "0:00",
        "command": "ps"
    }
]