{
    "partition": {
        "disk_partition": [
            {
                "name": "oop0",
                "rm": "0",
                "size": "54.5M",
                "type": "1",
                "mount_point": "loop"
            },
            {
                "name": "oop1",
                "rm": "0",
                "size": "89.1M",
                "type": "1",
                "mount_point": "loop"
            },
            {
                "name": "oop2",
                "rm": "0",
                "size": "956K",
                "type": "1",
                "mount_point": "loop"
            },
            {
                "name": "oop3",
                "rm": "0",
                "size": "153.5M",
                "type": "1",
                "mount_point": "loop"
            },
            {
                "name": "oop4",
                "rm": "0",
                "size": "956K",
                "type": "1",
                "mount_point": "loop"
            },
            {
                "name": "oop5",
                "rm": "0",
                "size": "3.7M",
                "type": "1",
                "mount_point": "loop"
            },
            {
                "name": "oop6",
                "rm": "0",
                "size": "89M",
                "type": "1",
                "mount_point": "loop"
            },
            {
                "name": "oop7",
                "rm": "0",
                "size": "140.7M",
                "type": "1",
                "mount_point": "loop"
            },
            {
                "name": "oop8",
                "rm": "0",
                "size": "140.7M",
                "type": "1",
                "mount_point": "loop"
            },
            {
                "name": "oop9",
                "rm": "0",
                "size": "3.7M",
                "type": "1",
                "mount_point": "loop"
            },
            {
                "name": "op10",
                "rm": "0",
                "size": "4.2M",
                "type": "1",
                "mount_point": "loop"
            },
            {
                "name": "op11",
                "rm": "0",
                "size": "44.2M",
                "type": "1",
                "mount_point": "loop"
            },
            {
                "name": "op12",
                "rm": "0",
                "size": "156M",
                "type": "1",
                "mount_point": "loop"
            },
            {
                "name": "op13",
                "rm": "0",
                "size": "67.6M",
                "type": "1",
                "mount_point": "loop"
            },
            {
                "name": "op14",
                "rm": "0",
                "size": "4.2M",
                "type": "1",
                "mount_point": "loop"
            },
            {
                "name": "op15",
                "rm": "0",
                "size": "14.8M",
                "type": "1",
                "mount_point": "loop"
            },
            {
                "name": "op16",
                "rm": "0",
                "size": "67.6M",
                "type": "1",
                "mount_point": "loop"
            },
            {
                "name": "op17",
                "rm": "0",
                "size": "42.8M",
                "type": "1",
                "mount_point": "loop"
            },
            {
                "name": "op19",
                "rm": "0",
                "size": "149.9M",
                "type": "1",
                "mount_point": "loop"
            },
            {
                "name": "op20",
                "rm": "0",
                "size": "159.3M",
                "type": "1",
                "mount_point": "loop"
            },
            {
                "name": "op21",
                "rm": "0",
                "size": "14.8M",
                "type": "1",
                "mount_point": "loop"
            },
            {
                "name": "op22",
                "rm": "0",
                "size": "54.5M",
                "type": "1",
                "mount_point": "loop"
            },
            {
                "name": "sda",
                "rm": "0",
                "size": "931.5G",
                "type": "0",
                "mount_point": "disk"
            },
            {
                "name": "sda1",
                "rm": "0",
                "size": "450M",
                "type": "0",
                "mount_point": "part"
            },
            {
                "name": "sda2",
                "rm": "0",
                "size": "100M",
                "type": "0",
                "mount_point": "part"
            },
            {
                "name": "sda3",
                "rm": "0",
                "size": "16M",
                "type": "0",
                "mount_point": "part"
            },
            {
                "name": "sda4",
                "rm": "0",
                "size": "194G",
                "type": "0",
                "mount_point": "part"
            },
            {
                "name": "sda5",
                "rm": "0",
                "size": "825M",
                "type": "0",
                "mount_point": "part"
            },
            {
                "name": "sda6",
                "rm": "0",
                "size": "14.9G",
                "type": "0",
                "mount_point": "part"
            },
            {
                "name": "sda7",
                "rm": "0",
                "size": "186.3G",
                "type": "0",
                "mount_point": "part"
            },
            {
                "name": "sda8",
                "rm": "0",
                "size": "244.1G",
                "type": "0",
                "mount_point": "part"
            },
            {
                "name": "sda9",
                "rm": "0",
                "size": "290.9G",
                "type": "0",
                "mount_point": "part"
            },
            {
                "name": "sr0",
                "rm": "1",
                "size": "1024M",
                "type": "0",
                "mount_point": "rom"
            }
        ],
        "file_system_partition": [
            {
                "name": "udev",
                "size": "3.9G",
                "used": "0",
                "available": "3.9G",
                "use_percentage": "0%",
                "mount_on": "/dev"
            },
            {
                "name": "tmpfs",
                "size": "789M",
                "used": "2.2M",
                "available": "787M",
                "use_percentage": "1%",
                "mount_on": "/run"
            },
            {
                "name": "/dev/sda7",
                "size": "183G",
                "used": "42G",
                "available": "132G",
                "use_percentage": "24%",
                "mount_on": "/"
            },
            {
                "name": "tmpfs",
                "size": "3.9G",
                "used": "0",
                "available": "3.9G",
                "use_percentage": "0%",
                "mount_on": "/dev/shm"
            },
            {
                "name": "tmpfs",
                "size": "5.0M",
                "used": "4.0K",
                "available": "5.0M",
                "use_percentage": "1%",
                "mount_on": "/run/lock"
            },
            {
                "name": "tmpfs",
                "size": "3.9G",
                "used": "0",
                "available": "3.9G",
                "use_percentage": "0%",
                "mount_on": "/sys/fs/cgroup"
            },
            {
                "name": "/dev/loop20",
                "size": "160M",
                "used": "160M",
                "available": "0",
                "use_percentage": "100%",
                "mount_on": "/snap/chromium/917"
            },
            {
                "name": "/dev/loop0",
                "size": "55M",
                "used": "55M",
                "available": "0",
                "use_percentage": "100%",
                "mount_on": "/snap/core18/1223"
            },
            {
                "name": "/dev/loop2",
                "size": "1.0M",
                "used": "1.0M",
                "available": "0",
                "use_percentage": "100%",
                "mount_on": "/snap/gnome-logs/81"
            },
            {
                "name": "/dev/loop4",
                "size": "1.0M",
                "used": "1.0M",
                "available": "0",
                "use_percentage": "100%",
                "mount_on": "/snap/gnome-logs/73"
            },
            {
                "name": "/dev/loop3",
                "size": "154M",
                "used": "154M",
                "available": "0",
                "use_percentage": "100%",
                "mount_on": "/snap/chromium/920"
            },
            {
                "name": "/dev/loop5",
                "size": "3.8M",
                "used": "3.8M",
                "available": "0",
                "use_percentage": "100%",
                "mount_on": "/snap/gnome-system-monitor/107"
            },
            {
                "name": "/dev/loop8",
                "size": "141M",
                "used": "141M",
                "available": "0",
                "use_percentage": "100%",
                "mount_on": "/snap/gnome-3-26-1604/94"
            },
            {
                "name": "/dev/loop7",
                "size": "141M",
                "used": "141M",
                "available": "0",
                "use_percentage": "100%",
                "mount_on": "/snap/gnome-3-26-1604/97"
            },
            {
                "name": "/dev/loop6",
                "size": "90M",
                "used": "90M",
                "available": "0",
                "use_percentage": "100%",
                "mount_on": "/snap/core/7713"
            },
            {
                "name": "/dev/loop9",
                "size": "3.8M",
                "used": "3.8M",
                "available": "0",
                "use_percentage": "100%",
                "mount_on": "/snap/gnome-system-monitor/100"
            },
            {
                "name": "/dev/loop10",
                "size": "4.3M",
                "used": "4.3M",
                "available": "0",
                "use_percentage": "100%",
                "mount_on": "/snap/gnome-calculator/536"
            },
            {
                "name": "/dev/loop12",
                "size": "157M",
                "used": "157M",
                "available": "0",
                "use_percentage": "100%",
                "mount_on": "/snap/gnome-3-28-1804/91"
            },
            {
                "name": "/dev/loop13",
                "size": "68M",
                "used": "68M",
                "available": "0",
                "use_percentage": "100%",
                "mount_on": "/snap/sublime-text/69"
            },
            {
                "name": "/dev/loop14",
                "size": "4.3M",
                "used": "4.3M",
                "available": "0",
                "use_percentage": "100%",
                "mount_on": "/snap/gnome-calculator/544"
            },
            {
                "name": "/dev/loop15",
                "size": "15M",
                "used": "15M",
                "available": "0",
                "use_percentage": "100%",
                "mount_on": "/snap/gnome-characters/359"
            },
            {
                "name": "/dev/loop16",
                "size": "68M",
                "used": "68M",
                "available": "0",
                "use_percentage": "100%",
                "mount_on": "/snap/sublime-text/77"
            },
            {
                "name": "/dev/loop17",
                "size": "43M",
                "used": "43M",
                "available": "0",
                "use_percentage": "100%",
                "mount_on": "/snap/gtk-common-themes/1313"
            },
            {
                "name": "/dev/loop19",
                "size": "150M",
                "used": "150M",
                "available": "0",
                "use_percentage": "100%",
                "mount_on": "/snap/gnome-3-28-1804/71"
            },
            {
                "name": "/dev/loop21",
                "size": "15M",
                "used": "15M",
                "available": "0",
                "use_percentage": "100%",
                "mount_on": "/snap/gnome-characters/317"
            },
            {
                "name": "/dev/loop1",
                "size": "90M",
                "used": "90M",
                "available": "0",
                "use_percentage": "100%",
                "mount_on": "/snap/core/7917"
            },
            {
                "name": "/dev/loop11",
                "size": "45M",
                "used": "45M",
                "available": "0",
                "use_percentage": "100%",
                "mount_on": "/snap/gtk-common-themes/1353"
            },
            {
                "name": "/dev/sda2",
                "size": "96M",
                "used": "32M",
                "available": "65M",
                "use_percentage": "33%",
                "mount_on": "/boot/efi"
            },
            {
                "name": "tmpfs",
                "size": "789M",
                "used": "16K",
                "available": "789M",
                "use_percentage": "1%",
                "mount_on": "/run/user/121"
            },
            {
                "name": "tmpfs",
                "size": "789M",
                "used": "0",
                "available": "789M",
                "use_percentage": "0%",
                "mount_on": "/run/user/122"
            },
            {
                "name": "tmpfs",
                "size": "789M",
                "used": "48K",
                "available": "789M",
                "use_percentage": "1%",
                "mount_on": "/run/user/1000"
            },
            {
                "name": "/dev/loop22",
                "size": "55M",
                "used": "55M",
                "available": "0",
                "use_percentage": "100%",
                "mount_on": "/snap/core18/1265"
            }
        ]
    }
}