[
    {
        "user": "USER",
        "pid": "PID",
        "cpu_percentage": "%CPU",
        "memory_percentage": "%MEM",
        "time": "TIME",
        "command": "COMMAND"
    },
    {
        "user": "root",
        "pid": "1",
        "cpu_percentage": "0.0",
        "memory_percentage": "0.1",
        "time": "0:14",
        "command": "/sbin/init"
    },
    {
        "user": "root",
        "pid": "2",
        "cpu_percentage": "0.0",
        "memory_percentage": "0.0",
        "time": "0:00",
        "command": "[kthreadd]"
    },
    {
        "user": "root",
        "pid": "4",
        "cpu_percentage": "0.0",
        "memory_percentage": "0.0",
        "time": "0:00",
        "command": "[kworker/0:0H]"
    },
    {
        "user": "root",
        "pid": "6",
        "cpu_percentage": "0.0",
        "memory_percentage": "0.0",
        "time": "0:00",
        "command": "[mm_percpu_wq]"
    },
    {
        "user": "root",
        "pid": "7",
        "cpu_percentage": "0.0",
        "memory_percentage": "0.0",
        "time": "0:00",
        "command": "[ksoftirqd/0]"
    },
    {
        "user": "root",
        "pid": "8",
        "cpu_percentage": "0.0",
        "memory_percentage": "0.0",
        "time": "0:49",
        "command": "[rcu_sched]"
    },
    {
        "user": "root",
        "pid": "9",
        "cpu_percentage": "0.0",
        "memory_percentage": "0.0",
        "time": "0:00",
        "command": "[rcu_bh]"
    },
    {
        "user": "root",
        "pid": "10",
        "cpu_percentage": "0.0",
        "memory_percentage": "0.0",
        "time": "0:00",
        "command": "[migration/0]"
    },
    {
        "user": "root",
        "pid": "11",
        "cpu_percentage": "0.0",
        "memory_percentage": "0.0",
        "time": "0:00",
        "command": "[watchdog/0]"
    },
    {
        "user": "root",
        "pid": "12",
        "cpu_percentage": "0.0",
        "memory_percentage": "0.0",
        "time": "0:00",
        "command": "[cpuhp/0]"
    },
    {
        "user": "root",
        "pid": "13",
        "cpu_percentage": "0.0",
        "memory_percentage": "0.0",
        "time": "0:00",
        "command": "[cpuhp/1]"
    },
    {
        "user": "root",
        "pid": "14",
        "cpu_percentage": "0.0",
        "memory_percentage": "0.0",
        "time": "0:00",
        "command": "[watchdog/1]"
    },
    {
        "user": "root",
        "pid": "15",
        "cpu_percentage": "0.0",
        "memory_percentage": "0.0",
        "time": "0:00",
        "command": "[migration/1]"
    },
    {
        "user": "root",
        "pid": "16",
        "cpu_percentage": "0.0",
        "memory_percentage": "0.0",
        "time": "0:00",
        "command": "[ksoftirqd/1]"
    },
    {
        "user": "root",
        "pid": "18",
        "cpu_percentage": "0.0",
        "memory_percentage": "0.0",
        "time": "0:00",
        "command": "[kworker/1:0H]"
    },
    {
        "user": "root",
        "pid": "19",
        "cpu_percentage": "0.0",
        "memory_percentage": "0.0",
        "time": "0:00",
        "command": "[cpuhp/2]"
    },
    {
        "user": "root",
        "pid": "20",
        "cpu_percentage": "0.0",
        "memory_percentage": "0.0",
        "time": "0:00",
        "command": "[watchdog/2]"
    },
    {
        "user": "root",
        "pid": "21",
        "cpu_percentage": "0.0",
        "memory_percentage": "0.0",
        "time": "0:00",
        "command": "[migration/2]"
    },
    {
        "user": "root",
        "pid": "22",
        "cpu_percentage": "0.0",
        "memory_percentage": "0.0",
        "time": "0:00",
        "command": "[ksoftirqd/2]"
    },
    {
        "user": "root",
        "pid": "24",
        "cpu_percentage": "0.0",
        "memory_percentage": "0.0",
        "time": "0:00",
        "command": "[kworker/2:0H]"
    },
    {
        "user": "root",
        "pid": "25",
        "cpu_percentage": "0.0",
        "memory_percentage": "0.0",
        "time": "0:00",
        "command": "[cpuhp/3]"
    },
    {
        "user": "root",
        "pid": "26",
        "cpu_percentage": "0.0",
        "memory_percentage": "0.0",
        "time": "0:00",
        "command": "[watchdog/3]"
    },
    {
        "user": "root",
        "pid": "27",
        "cpu_percentage": "0.0",
        "memory_percentage": "0.0",
        "time": "0:00",
        "command": "[migration/3]"
    },
    {
        "user": "root",
        "pid": "28",
        "cpu_percentage": "0.0",
        "memory_percentage": "0.0",
        "time": "0:00",
        "command": "[ksoftirqd/3]"
    },
    {
        "user": "root",
        "pid": "30",
        "cpu_percentage": "0.0",
        "memory_percentage": "0.0",
        "time": "0:00",
        "command": "[kworker/3:0H]"
    },
    {
        "user": "root",
        "pid": "31",
        "cpu_percentage": "0.0",
        "memory_percentage": "0.0",
        "time": "0:00",
        "command": "[kdevtmpfs]"
    },
    {
        "user": "root",
        "pid": "32",
        "cpu_percentage": "0.0",
        "memory_percentage": "0.0",
        "time": "0:00",
        "command": "[netns]"
    },
    {
        "user": "root",
        "pid": "33",
        "cpu_percentage": "0.0",
        "memory_percentage": "0.0",
        "time": "0:00",
        "command": "[rcu_tasks_kthre]"
    },
    {
        "user": "root",
        "pid": "34",
        "cpu_percentage": "0.0",
        "memory_percentage": "0.0",
        "time": "0:00",
        "command": "[kauditd]"
    },
    {
        "user": "root",
        "pid": "38",
        "cpu_percentage": "0.0",
        "memory_percentage": "0.0",
        "time": "0:00",
        "command": "[khungtaskd]"
    },
    {
        "user": "root",
        "pid": "39",
        "cpu_percentage": "0.0",
        "memory_percentage": "0.0",
        "time": "0:00",
        "command": "[oom_reaper]"
    },
    {
        "user": "root",
        "pid": "40",
        "cpu_percentage": "0.0",
        "memory_percentage": "0.0",
        "time": "0:00",
        "command": "[writeback]"
    },
    {
        "user": "root",
        "pid": "41",
        "cpu_percentage": "0.0",
        "memory_percentage": "0.0",
        "time": "0:00",
        "command": "[kcompactd0]"
    },
    {
        "user": "root",
        "pid": "42",
        "cpu_percentage": "0.0",
        "memory_percentage": "0.0",
        "time": "0:00",
        "command": "[ksmd]"
    },
    {
        "user": "root",
        "pid": "43",
        "cpu_percentage": "0.0",
        "memory_percentage": "0.0",
        "time": "0:00",
        "command": "[khugepaged]"
    },
    {
        "user": "root",
        "pid": "44",
        "cpu_percentage": "0.0",
        "memory_percentage": "0.0",
        "time": "0:00",
        "command": "[crypto]"
    },
    {
        "user": "root",
        "pid": "45",
        "cpu_percentage": "0.0",
        "memory_percentage": "0.0",
        "time": "0:00",
        "command": "[kintegrityd]"
    },
    {
        "user": "root",
        "pid": "46",
        "cpu_percentage": "0.0",
        "memory_percentage": "0.0",
        "time": "0:00",
        "command": "[kblockd]"
    },
    {
        "user": "root",
        "pid": "48",
        "cpu_percentage": "0.0",
        "memory_percentage": "0.0",
        "time": "0:00",
        "command": "[ata_sff]"
    },
    {
        "user": "root",
        "pid": "49",
        "cpu_percentage": "0.0",
        "memory_percentage": "0.0",
        "time": "0:00",
        "command": "[md]"
    },
    {
        "user": "root",
        "pid": "50",
        "cpu_percentage": "0.0",
        "memory_percentage": "0.0",
        "time": "0:00",
        "command": "[edac-poller]"
    },
    {
        "user": "root",
        "pid": "51",
        "cpu_percentage": "0.0",
        "memory_percentage": "0.0",
        "time": "0:00",
        "command": "[devfreq_wq]"
    },
    {
        "user": "root",
        "pid": "52",
        "cpu_percentage": "0.0",
        "memory_percentage": "0.0",
        "time": "0:00",
        "command": "[watchdogd]"
    },
    {
        "user": "root",
        "pid": "55",
        "cpu_percentage": "0.0",
        "memory_percentage": "0.0",
        "time": "0:00",
        "command": "[kswapd0]"
    },
    {
        "user": "root",
        "pid": "56",
        "cpu_percentage": "0.0",
        "memory_percentage": "0.0",
        "time": "0:00",
        "command": "[kworker/u9:0]"
    },
    {
        "user": "root",
        "pid": "57",
        "cpu_percentage": "0.0",
        "memory_percentage": "0.0",
        "time": "0:00",
        "command": "[ecryptfs-kthrea]"
    },
    {
        "user": "root",
        "pid": "99",
        "cpu_percentage": "0.0",
        "memory_percentage": "0.0",
        "time": "0:00",
        "command": "[kthrotld]"
    },
    {
        "user": "root",
        "pid": "100",
        "cpu_percentage": "0.0",
        "memory_percentage": "0.0",
        "time": "0:00",
        "command": "[acpi_thermal_pm]"
    },
    {
        "user": "root",
        "pid": "104",
        "cpu_percentage": "0.0",
        "memory_percentage": "0.0",
        "time": "0:00",
        "command": "[ipv6_addrconf]"
    },
    {
        "user": "root",
        "pid": "113",
        "cpu_percentage": "0.0",
        "memory_percentage": "0.0",
        "time": "0:00",
        "command": "[kstrp]"
    },
    {
        "user": "root",
        "pid": "135",
        "cpu_percentage": "0.0",
        "memory_percentage": "0.0",
        "time": "0:00",
        "command": "[charger_manager]"
    },
    {
        "user": "root",
        "pid": "184",
        "cpu_percentage": "0.0",
        "memory_percentage": "0.0",
        "time": "0:00",
        "command": "[scsi_eh_0]"
    },
    {
        "user": "root",
        "pid": "185",
        "cpu_percentage": "0.0",
        "memory_percentage": "0.0",
        "time": "0:00",
        "command": "[scsi_tmf_0]"
    },
    {
        "user": "root",
        "pid": "186",
        "cpu_percentage": "0.0",
        "memory_percentage": "0.0",
        "time": "0:00",
        "command": "[scsi_eh_1]"
    },
    {
        "user": "root",
        "pid": "187",
        "cpu_percentage": "0.0",
        "memory_percentage": "0.0",
        "time": "0:00",
        "command": "[scsi_tmf_1]"
    },
    {
        "user": "root",
        "pid": "188",
        "cpu_percentage": "0.0",
        "memory_percentage": "0.0",
        "time": "0:00",
        "command": "[scsi_eh_2]"
    },
    {
        "user": "root",
        "pid": "189",
        "cpu_percentage": "0.0",
        "memory_percentage": "0.0",
        "time": "0:00",
        "command": "[scsi_tmf_2]"
    },
    {
        "user": "root",
        "pid": "190",
        "cpu_percentage": "0.0",
        "memory_percentage": "0.0",
        "time": "0:00",
        "command": "[scsi_eh_3]"
    },
    {
        "user": "root",
        "pid": "191",
        "cpu_percentage": "0.0",
        "memory_percentage": "0.0",
        "time": "0:00",
        "command": "[scsi_tmf_3]"
    },
    {
        "user": "root",
        "pid": "197",
        "cpu_percentage": "0.0",
        "memory_percentage": "0.0",
        "time": "0:00",
        "command": "[kworker/3:1H]"
    },
    {
        "user": "root",
        "pid": "227",
        "cpu_percentage": "0.0",
        "memory_percentage": "0.0",
        "time": "0:08",
        "command": "[jbd2/sda7-8]"
    },
    {
        "user": "root",
        "pid": "228",
        "cpu_percentage": "0.0",
        "memory_percentage": "0.0",
        "time": "0:00",
        "command": "[ext4-rsv-conver]"
    },
    {
        "user": "root",
        "pid": "262",
        "cpu_percentage": "0.0",
        "memory_percentage": "0.9",
        "time": "0:10",
        "command": "/lib/systemd/systemd-journald"
    },
    {
        "user": "root",
        "pid": "264",
        "cpu_percentage": "0.0",
        "memory_percentage": "0.0",
        "time": "0:05",
        "command": "[kworker/2:1H]"
    },
    {
        "user": "root",
        "pid": "278",
        "cpu_percentage": "0.0",
        "memory_percentage": "0.0",
        "time": "0:00",
        "command": "[kworker/0:1H]"
    },
    {
        "user": "root",
        "pid": "280",
        "cpu_percentage": "0.0",
        "memory_percentage": "0.0",
        "time": "0:00",
        "command": "[kworker/1:1H]"
    },
    {
        "user": "root",
        "pid": "330",
        "cpu_percentage": "0.0",
        "memory_percentage": "0.0",
        "time": "0:06",
        "command": "/lib/systemd/systemd-udevd"
    },
    {
        "user": "root",
        "pid": "331",
        "cpu_percentage": "0.0",
        "memory_percentage": "0.0",
        "time": "0:00",
        "command": "[loop0]"
    },
    {
        "user": "root",
        "pid": "332",
        "cpu_percentage": "0.0",
        "memory_percentage": "0.0",
        "time": "0:00",
        "command": "[loop1]"
    },
    {
        "user": "root",
        "pid": "333",
        "cpu_percentage": "0.0",
        "memory_percentage": "0.0",
        "time": "0:00",
        "command": "[loop2]"
    },
    {
        "user": "root",
        "pid": "334",
        "cpu_percentage": "0.0",
        "memory_percentage": "0.0",
        "time": "0:00",
        "command": "[loop3]"
    },
    {
        "user": "root",
        "pid": "335",
        "cpu_percentage": "0.0",
        "memory_percentage": "0.0",
        "time": "0:00",
        "command": "[loop4]"
    },
    {
        "user": "root",
        "pid": "336",
        "cpu_percentage": "0.0",
        "memory_percentage": "0.0",
        "time": "0:00",
        "command": "[loop5]"
    },
    {
        "user": "root",
        "pid": "339",
        "cpu_percentage": "0.0",
        "memory_percentage": "0.0",
        "time": "0:00",
        "command": "[loop6]"
    },
    {
        "user": "root",
        "pid": "340",
        "cpu_percentage": "0.0",
        "memory_percentage": "0.0",
        "time": "0:00",
        "command": "[loop7]"
    },
    {
        "user": "root",
        "pid": "341",
        "cpu_percentage": "0.0",
        "memory_percentage": "0.0",
        "time": "0:00",
        "command": "[loop8]"
    },
    {
        "user": "root",
        "pid": "342",
        "cpu_percentage": "0.0",
        "memory_percentage": "0.0",
        "time": "0:00",
        "command": "[loop9]"
    },
    {
        "user": "root",
        "pid": "343",
        "cpu_percentage": "0.0",
        "memory_percentage": "0.0",
        "time": "0:00",
        "command": "[loop10]"
    },
    {
        "user": "root",
        "pid": "344",
        "cpu_percentage": "0.0",
        "memory_percentage": "0.0",
        "time": "0:00",
        "command": "[loop11]"
    },
    {
        "user": "root",
        "pid": "345",
        "cpu_percentage": "0.0",
        "memory_percentage": "0.0",
        "time": "0:00",
        "command": "[loop12]"
    },
    {
        "user": "root",
        "pid": "346",
        "cpu_percentage": "0.0",
        "memory_percentage": "0.0",
        "time": "0:00",
        "command": "[loop13]"
    },
    {
        "user": "root",
        "pid": "347",
        "cpu_percentage": "0.0",
        "memory_percentage": "0.0",
        "time": "0:00",
        "command": "[loop14]"
    },
    {
        "user": "root",
        "pid": "348",
        "cpu_percentage": "0.0",
        "memory_percentage": "0.0",
        "time": "0:00",
        "command": "[loop15]"
    },
    {
        "user": "root",
        "pid": "349",
        "cpu_percentage": "0.0",
        "memory_percentage": "0.0",
        "time": "0:00",
        "command": "[loop16]"
    },
    {
        "user": "root",
        "pid": "350",
        "cpu_percentage": "0.0",
        "memory_percentage": "0.0",
        "time": "0:00",
        "command": "[loop17]"
    },
    {
        "user": "root",
        "pid": "352",
        "cpu_percentage": "0.0",
        "memory_percentage": "0.0",
        "time": "0:00",
        "command": "[loop19]"
    },
    {
        "user": "root",
        "pid": "353",
        "cpu_percentage": "0.0",
        "memory_percentage": "0.0",
        "time": "0:00",
        "command": "[loop20]"
    },
    {
        "user": "root",
        "pid": "354",
        "cpu_percentage": "0.0",
        "memory_percentage": "0.0",
        "time": "0:00",
        "command": "[loop21]"
    },
    {
        "user": "sois",
        "pid": "361",
        "cpu_percentage": "0.0",
        "memory_percentage": "0.1",
        "time": "0:00",
        "command": "/usr/lib/gvfs/gvfsd-recent"
    },
    {
        "user": "root",
        "pid": "395",
        "cpu_percentage": "0.0",
        "memory_percentage": "0.0",
        "time": "0:00",
        "command": "[irq/126-mei_me]"
    },
    {
        "user": "root",
        "pid": "427",
        "cpu_percentage": "0.0",
        "memory_percentage": "0.0",
        "time": "0:02",
        "command": "[i915/signal:0]"
    },
    {
        "user": "root",
        "pid": "428",
        "cpu_percentage": "0.0",
        "memory_percentage": "0.0",
        "time": "0:00",
        "command": "[i915/signal:1]"
    },
    {
        "user": "root",
        "pid": "429",
        "cpu_percentage": "0.0",
        "memory_percentage": "0.0",
        "time": "0:00",
        "command": "[i915/signal:2]"
    },
    {
        "user": "root",
        "pid": "430",
        "cpu_percentage": "0.0",
        "memory_percentage": "0.0",
        "time": "0:00",
        "command": "[i915/signal:4]"
    },
    {
        "user": "root",
        "pid": "464",
        "cpu_percentage": "0.0",
        "memory_percentage": "0.0",
        "time": "0:00",
        "command": "[kmemstick]"
    },
    {
        "user": "root",
        "pid": "585",
        "cpu_percentage": "0.0",
        "memory_percentage": "0.0",
        "time": "0:00",
        "command": "[kworker/u8:1]"
    },
    {
        "user": "systemd+",
        "pid": "891",
        "cpu_percentage": "0.0",
        "memory_percentage": "0.0",
        "time": "0:09",
        "command": "/lib/systemd/systemd-resolved"
    },
    {
        "user": "message+",
        "pid": "1053",
        "cpu_percentage": "0.0",
        "memory_percentage": "0.0",
        "time": "0:07",
        "command": "/usr/bin/dbus-daemon"
    },
    {
        "user": "root",
        "pid": "1075",
        "cpu_percentage": "0.0",
        "memory_percentage": "0.0",
        "time": "0:00",
        "command": "[kworker/u8:2]"
    },
    {
        "user": "root",
        "pid": "1097",
        "cpu_percentage": "0.0",
        "memory_percentage": "0.0",
        "time": "0:04",
        "command": "/usr/lib/accountsservice/accounts-daemon"
    },
    {
        "user": "root",
        "pid": "1103",
        "cpu_percentage": "0.0",
        "memory_percentage": "0.1",
        "time": "0:00",
        "command": "/usr/sbin/ModemManager"
    },
    {
        "user": "root",
        "pid": "1109",
        "cpu_percentage": "0.0",
        "memory_percentage": "0.1",
        "time": "0:14",
        "command": "/usr/lib/udisks2/udisksd"
    },
    {
        "user": "root",
        "pid": "1150",
        "cpu_percentage": "0.0",
        "memory_percentage": "0.2",
        "time": "0:00",
        "command": "/usr/bin/python3"
    },
    {
        "user": "root",
        "pid": "1153",
        "cpu_percentage": "0.0",
        "memory_percentage": "0.0",
        "time": "0:01",
        "command": "/lib/systemd/systemd-logind"
    },
    {
        "user": "avahi",
        "pid": "1161",
        "cpu_percentage": "0.0",
        "memory_percentage": "0.0",
        "time": "1:07",
        "command": "avahi-daemon:"
    },
    {
        "user": "syslog",
        "pid": "1162",
        "cpu_percentage": "0.0",
        "memory_percentage": "0.0",
        "time": "0:03",
        "command": "/usr/sbin/rsyslogd"
    },
    {
        "user": "root",
        "pid": "1166",
        "cpu_percentage": "0.0",
        "memory_percentage": "0.0",
        "time": "0:00",
        "command": "/sbin/wpa_supplicant"
    },
    {
        "user": "root",
        "pid": "1173",
        "cpu_percentage": "0.0",
        "memory_percentage": "0.1",
        "time": "0:14",
        "command": "/usr/sbin/thermald"
    },
    {
        "user": "root",
        "pid": "1176",
        "cpu_percentage": "0.0",
        "memory_percentage": "0.1",
        "time": "0:07",
        "command": "/usr/sbin/NetworkManager"
    },
    {
        "user": "root",
        "pid": "1177",
        "cpu_percentage": "0.0",
        "memory_percentage": "0.0",
        "time": "0:00",
        "command": "/usr/sbin/cron"
    },
    {
        "user": "root",
        "pid": "1178",
        "cpu_percentage": "0.0",
        "memory_percentage": "0.0",
        "time": "0:13",
        "command": "/usr/sbin/irqbalance"
    },
    {
        "user": "root",
        "pid": "1180",
        "cpu_percentage": "0.0",
        "memory_percentage": "0.0",
        "time": "0:00",
        "command": "/usr/sbin/acpid"
    },
    {
        "user": "root",
        "pid": "1181",
        "cpu_percentage": "0.0",
        "memory_percentage": "0.3",
        "time": "0:19",
        "command": "/usr/lib/snapd/snapd"
    },
    {
        "user": "root",
        "pid": "1236",
        "cpu_percentage": "0.0",
        "memory_percentage": "0.0",
        "time": "0:00",
        "command": "[kworker/u8:3]"
    },
    {
        "user": "root",
        "pid": "1302",
        "cpu_percentage": "0.0",
        "memory_percentage": "0.1",
        "time": "0:13",
        "command": "/usr/lib/policykit-1/polkitd"
    },
    {
        "user": "root",
        "pid": "1342",
        "cpu_percentage": "0.0",
        "memory_percentage": "0.0",
        "time": "0:06",
        "command": "/usr/bin/vmware-usbarbitrator"
    },
    {
        "user": "avahi",
        "pid": "1373",
        "cpu_percentage": "0.0",
        "memory_percentage": "0.0",
        "time": "0:00",
        "command": "avahi-daemon:"
    },
    {
        "user": "root",
        "pid": "1393",
        "cpu_percentage": "0.0",
        "memory_percentage": "0.0",
        "time": "0:00",
        "command": "[kworker/0:1]"
    },
    {
        "user": "root",
        "pid": "1520",
        "cpu_percentage": "0.0",
        "memory_percentage": "0.0",
        "time": "0:00",
        "command": "[kworker/2:0]"
    },
    {
        "user": "root",
        "pid": "1548",
        "cpu_percentage": "0.0",
        "memory_percentage": "0.2",
        "time": "0:00",
        "command": "/usr/bin/python3"
    },
    {
        "user": "root",
        "pid": "1578",
        "cpu_percentage": "0.0",
        "memory_percentage": "0.0",
        "time": "0:00",
        "command": "[kworker/3:2]"
    },
    {
        "user": "root",
        "pid": "1624",
        "cpu_percentage": "0.0",
        "memory_percentage": "0.5",
        "time": "0:27",
        "command": "/usr/bin/containerd"
    },
    {
        "user": "root",
        "pid": "1627",
        "cpu_percentage": "0.0",
        "memory_percentage": "0.0",
        "time": "0:00",
        "command": "/usr/sbin/sshd"
    },
    {
        "user": "root",
        "pid": "1663",
        "cpu_percentage": "0.0",
        "memory_percentage": "0.0",
        "time": "0:00",
        "command": "[kworker/1:0]"
    },
    {
        "user": "root",
        "pid": "1691",
        "cpu_percentage": "0.0",
        "memory_percentage": "0.0",
        "time": "0:00",
        "command": "/usr/sbin/gdm3"
    },
    {
        "user": "nagios",
        "pid": "1695",
        "cpu_percentage": "0.0",
        "memory_percentage": "0.0",
        "time": "0:35",
        "command": "/usr/local/nagios/bin/nagios"
    },
    {
        "user": "nagios",
        "pid": "1733",
        "cpu_percentage": "0.0",
        "memory_percentage": "0.0",
        "time": "1:48",
        "command": "/usr/local/nagios/bin/nagios"
    },
    {
        "user": "nagios",
        "pid": "1735",
        "cpu_percentage": "0.0",
        "memory_percentage": "0.0",
        "time": "1:51",
        "command": "/usr/local/nagios/bin/nagios"
    },
    {
        "user": "nagios",
        "pid": "1736",
        "cpu_percentage": "0.0",
        "memory_percentage": "0.0",
        "time": "1:52",
        "command": "/usr/local/nagios/bin/nagios"
    },
    {
        "user": "nagios",
        "pid": "1737",
        "cpu_percentage": "0.0",
        "memory_percentage": "0.0",
        "time": "1:49",
        "command": "/usr/local/nagios/bin/nagios"
    },
    {
        "user": "nagios",
        "pid": "1738",
        "cpu_percentage": "0.0",
        "memory_percentage": "0.0",
        "time": "1:51",
        "command": "/usr/local/nagios/bin/nagios"
    },
    {
        "user": "nagios",
        "pid": "1740",
        "cpu_percentage": "0.0",
        "memory_percentage": "0.0",
        "time": "1:55",
        "command": "/usr/local/nagios/bin/nagios"
    },
    {
        "user": "root",
        "pid": "1742",
        "cpu_percentage": "0.0",
        "memory_percentage": "0.0",
        "time": "0:00",
        "command": "gdm-session-worker"
    },
    {
        "user": "nagios",
        "pid": "1757",
        "cpu_percentage": "0.0",
        "memory_percentage": "0.0",
        "time": "0:11",
        "command": "/usr/local/nagios/bin/nagios"
    },
    {
        "user": "root",
        "pid": "1762",
        "cpu_percentage": "0.0",
        "memory_percentage": "0.2",
        "time": "0:05",
        "command": "/usr/sbin/apache2"
    },
    {
        "user": "mysql",
        "pid": "1766",
        "cpu_percentage": "0.0",
        "memory_percentage": "2.1",
        "time": "1:40",
        "command": "/usr/sbin/mysqld"
    },
    {
        "user": "gdm",
        "pid": "1851",
        "cpu_percentage": "0.0",
        "memory_percentage": "0.1",
        "time": "0:00",
        "command": "/lib/systemd/systemd"
    },
    {
        "user": "gdm",
        "pid": "1852",
        "cpu_percentage": "0.0",
        "memory_percentage": "0.0",
        "time": "0:00",
        "command": "(sd-pam)"
    },
    {
        "user": "root",
        "pid": "1889",
        "cpu_percentage": "0.0",
        "memory_percentage": "0.0",
        "time": "0:00",
        "command": "/sbin/dhclient"
    },
    {
        "user": "gdm",
        "pid": "1905",
        "cpu_percentage": "0.0",
        "memory_percentage": "0.0",
        "time": "0:00",
        "command": "/usr/lib/gdm3/gdm-wayland-session"
    },
    {
        "user": "gdm",
        "pid": "1911",
        "cpu_percentage": "0.0",
        "memory_percentage": "0.0",
        "time": "0:00",
        "command": "/usr/bin/dbus-daemon"
    },
    {
        "user": "gdm",
        "pid": "1916",
        "cpu_percentage": "0.0",
        "memory_percentage": "0.1",
        "time": "0:00",
        "command": "/usr/lib/gnome-session/gnome-session-binary"
    },
    {
        "user": "gdm",
        "pid": "1936",
        "cpu_percentage": "0.0",
        "memory_percentage": "1.3",
        "time": "0:38",
        "command": "/usr/bin/gnome-shell"
    },
    {
        "user": "root",
        "pid": "1945",
        "cpu_percentage": "0.0",
        "memory_percentage": "0.0",
        "time": "0:00",
        "command": "/usr/lib/upower/upowerd"
    },
    {
        "user": "gdm",
        "pid": "1973",
        "cpu_percentage": "0.0",
        "memory_percentage": "0.5",
        "time": "0:00",
        "command": "/usr/bin/Xwayland"
    },
    {
        "user": "gdm",
        "pid": "1982",
        "cpu_percentage": "0.0",
        "memory_percentage": "0.0",
        "time": "0:00",
        "command": "/usr/lib/at-spi2-core/at-spi-bus-launcher"
    },
    {
        "user": "gdm",
        "pid": "1987",
        "cpu_percentage": "0.0",
        "memory_percentage": "0.0",
        "time": "0:00",
        "command": "/usr/bin/dbus-daemon"
    },
    {
        "user": "gdm",
        "pid": "1989",
        "cpu_percentage": "0.0",
        "memory_percentage": "0.0",
        "time": "0:00",
        "command": "/usr/lib/at-spi2-core/at-spi2-registryd"
    },
    {
        "user": "gdm",
        "pid": "1993",
        "cpu_percentage": "0.0",
        "memory_percentage": "0.1",
        "time": "0:00",
        "command": "/usr/bin/pulseaudio"
    },
    {
        "user": "rtkit",
        "pid": "1994",
        "cpu_percentage": "0.0",
        "memory_percentage": "0.0",
        "time": "0:01",
        "command": "/usr/lib/rtkit/rtkit-daemon"
    },
    {
        "user": "gdm",
        "pid": "2026",
        "cpu_percentage": "0.0",
        "memory_percentage": "0.0",
        "time": "0:00",
        "command": "ibus-daemon"
    },
    {
        "user": "gdm",
        "pid": "2029",
        "cpu_percentage": "0.0",
        "memory_percentage": "0.0",
        "time": "0:00",
        "command": "/usr/lib/ibus/ibus-dconf"
    },
    {
        "user": "gdm",
        "pid": "2031",
        "cpu_percentage": "0.0",
        "memory_percentage": "0.3",
        "time": "0:00",
        "command": "/usr/lib/ibus/ibus-x11"
    },
    {
        "user": "gdm",
        "pid": "2034",
        "cpu_percentage": "0.0",
        "memory_percentage": "0.0",
        "time": "0:00",
        "command": "/usr/lib/ibus/ibus-portal"
    },
    {
        "user": "root",
        "pid": "2053",
        "cpu_percentage": "0.0",
        "memory_percentage": "0.0",
        "time": "0:00",
        "command": "gdm-session-worker"
    },
    {
        "user": "root",
        "pid": "2059",
        "cpu_percentage": "0.0",
        "memory_percentage": "0.0",
        "time": "0:00",
        "command": "/usr/lib/x86_64-linux-gnu/boltd"
    },
    {
        "user": "root",
        "pid": "2063",
        "cpu_percentage": "0.0",
        "memory_percentage": "0.4",
        "time": "0:08",
        "command": "/usr/lib/packagekit/packagekitd"
    },
    {
        "user": "gdm",
        "pid": "2072",
        "cpu_percentage": "0.0",
        "memory_percentage": "0.3",
        "time": "0:00",
        "command": "/usr/lib/gnome-settings-daemon/gsd-xsettings"
    },
    {
        "user": "gdm",
        "pid": "2073",
        "cpu_percentage": "0.0",
        "memory_percentage": "0.0",
        "time": "0:00",
        "command": "/usr/lib/gnome-settings-daemon/gsd-a11y-settings"
    },
    {
        "user": "gdm",
        "pid": "2075",
        "cpu_percentage": "0.0",
        "memory_percentage": "0.3",
        "time": "0:00",
        "command": "/usr/lib/gnome-settings-daemon/gsd-clipboard"
    },
    {
        "user": "gdm",
        "pid": "2076",
        "cpu_percentage": "0.0",
        "memory_percentage": "0.3",
        "time": "0:43",
        "command": "/usr/lib/gnome-settings-daemon/gsd-color"
    },
    {
        "user": "gdm",
        "pid": "2079",
        "cpu_percentage": "0.0",
        "memory_percentage": "0.1",
        "time": "0:00",
        "command": "/usr/lib/gnome-settings-daemon/gsd-datetime"
    },
    {
        "user": "gdm",
        "pid": "2085",
        "cpu_percentage": "0.0",
        "memory_percentage": "0.0",
        "time": "0:00",
        "command": "/usr/lib/gnome-settings-daemon/gsd-housekeeping"
    },
    {
        "user": "gdm",
        "pid": "2086",
        "cpu_percentage": "0.0",
        "memory_percentage": "0.3",
        "time": "0:00",
        "command": "/usr/lib/gnome-settings-daemon/gsd-keyboard"
    },
    {
        "user": "gdm",
        "pid": "2087",
        "cpu_percentage": "0.0",
        "memory_percentage": "0.3",
        "time": "0:00",
        "command": "/usr/lib/gnome-settings-daemon/gsd-media-keys"
    },
    {
        "user": "gdm",
        "pid": "2091",
        "cpu_percentage": "0.0",
        "memory_percentage": "0.0",
        "time": "0:00",
        "command": "/usr/lib/gnome-settings-daemon/gsd-mouse"
    },
    {
        "user": "gdm",
        "pid": "2092",
        "cpu_percentage": "0.0",
        "memory_percentage": "0.3",
        "time": "0:00",
        "command": "/usr/lib/gnome-settings-daemon/gsd-power"
    },
    {
        "user": "gdm",
        "pid": "2108",
        "cpu_percentage": "0.0",
        "memory_percentage": "0.0",
        "time": "0:00",
        "command": "/usr/lib/gnome-settings-daemon/gsd-print-notifications"
    },
    {
        "user": "gdm",
        "pid": "2110",
        "cpu_percentage": "0.0",
        "memory_percentage": "0.0",
        "time": "0:00",
        "command": "/usr/lib/gnome-settings-daemon/gsd-rfkill"
    },
    {
        "user": "gdm",
        "pid": "2111",
        "cpu_percentage": "0.0",
        "memory_percentage": "0.0",
        "time": "0:00",
        "command": "/usr/lib/gnome-settings-daemon/gsd-screensaver-proxy"
    },
    {
        "user": "gdm",
        "pid": "2116",
        "cpu_percentage": "0.0",
        "memory_percentage": "0.0",
        "time": "0:00",
        "command": "/usr/lib/gnome-settings-daemon/gsd-sharing"
    },
    {
        "user": "gdm",
        "pid": "2117",
        "cpu_percentage": "0.0",
        "memory_percentage": "0.0",
        "time": "0:00",
        "command": "/usr/lib/gnome-settings-daemon/gsd-smartcard"
    },
    {
        "user": "gdm",
        "pid": "2122",
        "cpu_percentage": "0.0",
        "memory_percentage": "0.0",
        "time": "0:00",
        "command": "/usr/lib/gnome-settings-daemon/gsd-sound"
    },
    {
        "user": "gdm",
        "pid": "2128",
        "cpu_percentage": "0.0",
        "memory_percentage": "0.3",
        "time": "0:00",
        "command": "/usr/lib/gnome-settings-daemon/gsd-wacom"
    },
    {
        "user": "gdm",
        "pid": "2147",
        "cpu_percentage": "0.0",
        "memory_percentage": "0.0",
        "time": "0:00",
        "command": "/usr/lib/ibus/ibus-engine-simple"
    },
    {
        "user": "colord",
        "pid": "2189",
        "cpu_percentage": "0.0",
        "memory_percentage": "0.1",
        "time": "0:00",
        "command": "/usr/lib/colord/colord"
    },
    {
        "user": "root",
        "pid": "2194",
        "cpu_percentage": "0.0",
        "memory_percentage": "0.0",
        "time": "0:00",
        "command": "[kworker/u8:0]"
    },
    {
        "user": "root",
        "pid": "2199",
        "cpu_percentage": "0.0",
        "memory_percentage": "0.0",
        "time": "0:00",
        "command": "[kworker/2:1]"
    },
    {
        "user": "root",
        "pid": "2200",
        "cpu_percentage": "0.0",
        "memory_percentage": "0.0",
        "time": "0:00",
        "command": "[kworker/3:0]"
    },
    {
        "user": "root",
        "pid": "2227",
        "cpu_percentage": "0.0",
        "memory_percentage": "0.0",
        "time": "0:00",
        "command": "[kworker/0:0]"
    },
    {
        "user": "root",
        "pid": "2231",
        "cpu_percentage": "0.0",
        "memory_percentage": "0.0",
        "time": "0:00",
        "command": "[kworker/1:2]"
    },
    {
        "user": "root",
        "pid": "2282",
        "cpu_percentage": "0.0",
        "memory_percentage": "0.1",
        "time": "0:00",
        "command": "gdm-session-worker"
    },
    {
        "user": "root",
        "pid": "2300",
        "cpu_percentage": "0.0",
        "memory_percentage": "1.0",
        "time": "1:58",
        "command": "/usr/bin/dockerd"
    },
    {
        "user": "whoopsie",
        "pid": "2305",
        "cpu_percentage": "0.0",
        "memory_percentage": "0.1",
        "time": "0:00",
        "command": "/usr/bin/whoopsie"
    },
    {
        "user": "kernoops",
        "pid": "2320",
        "cpu_percentage": "0.0",
        "memory_percentage": "0.0",
        "time": "0:03",
        "command": "/usr/sbin/kerneloops"
    },
    {
        "user": "kernoops",
        "pid": "2322",
        "cpu_percentage": "0.0",
        "memory_percentage": "0.0",
        "time": "0:03",
        "command": "/usr/sbin/kerneloops"
    },
    {
        "user": "root",
        "pid": "2442",
        "cpu_percentage": "0.0",
        "memory_percentage": "0.0",
        "time": "0:00",
        "command": "[kworker/0:3]"
    },
    {
        "user": "root",
        "pid": "2446",
        "cpu_percentage": "0.0",
        "memory_percentage": "0.0",
        "time": "0:00",
        "command": "/usr/lib/vmware/bin/vmware-vmblock-fuse"
    },
    {
        "user": "root",
        "pid": "2468",
        "cpu_percentage": "0.0",
        "memory_percentage": "0.0",
        "time": "0:00",
        "command": "[kworker/u8:4]"
    },
    {
        "user": "root",
        "pid": "2475",
        "cpu_percentage": "0.0",
        "memory_percentage": "0.0",
        "time": "0:06",
        "command": "/usr/sbin/vmware-authdlauncher"
    },
    {
        "user": "jenkins",
        "pid": "2521",
        "cpu_percentage": "0.0",
        "memory_percentage": "0.0",
        "time": "0:00",
        "command": "/lib/systemd/systemd"
    },
    {
        "user": "jenkins",
        "pid": "2522",
        "cpu_percentage": "0.0",
        "memory_percentage": "0.0",
        "time": "0:00",
        "command": "(sd-pam)"
    },
    {
        "user": "jenkins",
        "pid": "2537",
        "cpu_percentage": "0.0",
        "memory_percentage": "0.0",
        "time": "0:00",
        "command": "/usr/bin/daemon"
    },
    {
        "user": "jenkins",
        "pid": "2539",
        "cpu_percentage": "0.1",
        "memory_percentage": "18.0",
        "time": "5:39",
        "command": "/usr/bin/java"
    },
    {
        "user": "root",
        "pid": "2602",
        "cpu_percentage": "0.0",
        "memory_percentage": "0.0",
        "time": "0:00",
        "command": "sshd:"
    },
    {
        "user": "sois",
        "pid": "2666",
        "cpu_percentage": "0.0",
        "memory_percentage": "0.0",
        "time": "0:00",
        "command": "sshd:"
    },
    {
        "user": "sois",
        "pid": "2667",
        "cpu_percentage": "0.0",
        "memory_percentage": "0.0",
        "time": "0:00",
        "command": "ps"
    },
    {
        "user": "root",
        "pid": "2856",
        "cpu_percentage": "0.0",
        "memory_percentage": "0.0",
        "time": "0:00",
        "command": "/usr/bin/docker-proxy"
    },
    {
        "user": "root",
        "pid": "2872",
        "cpu_percentage": "0.0",
        "memory_percentage": "0.0",
        "time": "0:10",
        "command": "containerd-shim"
    },
    {
        "user": "root",
        "pid": "2890",
        "cpu_percentage": "0.0",
        "memory_percentage": "0.0",
        "time": "0:10",
        "command": "containerd-shim"
    },
    {
        "user": "999",
        "pid": "2913",
        "cpu_percentage": "0.0",
        "memory_percentage": "2.3",
        "time": "1:50",
        "command": "mysqld"
    },
    {
        "user": "root",
        "pid": "2943",
        "cpu_percentage": "0.0",
        "memory_percentage": "0.4",
        "time": "0:07",
        "command": "apache2"
    },
    {
        "user": "www-data",
        "pid": "3298",
        "cpu_percentage": "0.0",
        "memory_percentage": "0.1",
        "time": "0:00",
        "command": "apache2"
    },
    {
        "user": "www-data",
        "pid": "3299",
        "cpu_percentage": "0.0",
        "memory_percentage": "0.1",
        "time": "0:00",
        "command": "apache2"
    },
    {
        "user": "www-data",
        "pid": "3300",
        "cpu_percentage": "0.0",
        "memory_percentage": "0.1",
        "time": "0:00",
        "command": "apache2"
    },
    {
        "user": "www-data",
        "pid": "3302",
        "cpu_percentage": "0.0",
        "memory_percentage": "0.1",
        "time": "0:00",
        "command": "apache2"
    },
    {
        "user": "www-data",
        "pid": "3303",
        "cpu_percentage": "0.0",
        "memory_percentage": "0.1",
        "time": "0:00",
        "command": "apache2"
    },
    {
        "user": "sois",
        "pid": "3684",
        "cpu_percentage": "0.0",
        "memory_percentage": "0.1",
        "time": "0:01",
        "command": "/lib/systemd/systemd"
    },
    {
        "user": "sois",
        "pid": "3685",
        "cpu_percentage": "0.0",
        "memory_percentage": "0.0",
        "time": "0:00",
        "command": "(sd-pam)"
    },
    {
        "user": "sois",
        "pid": "3988",
        "cpu_percentage": "0.0",
        "memory_percentage": "0.0",
        "time": "0:00",
        "command": "/usr/bin/gnome-keyring-daemon"
    },
    {
        "user": "sois",
        "pid": "3992",
        "cpu_percentage": "0.0",
        "memory_percentage": "0.0",
        "time": "0:00",
        "command": "/usr/lib/gdm3/gdm-x-session"
    },
    {
        "user": "sois",
        "pid": "3994",
        "cpu_percentage": "0.1",
        "memory_percentage": "0.8",
        "time": "4:59",
        "command": "/usr/lib/xorg/Xorg"
    },
    {
        "user": "sois",
        "pid": "4000",
        "cpu_percentage": "0.0",
        "memory_percentage": "0.0",
        "time": "0:01",
        "command": "/usr/bin/dbus-daemon"
    },
    {
        "user": "sois",
        "pid": "4003",
        "cpu_percentage": "0.0",
        "memory_percentage": "0.1",
        "time": "0:00",
        "command": "/usr/lib/gnome-session/gnome-session-binary"
    },
    {
        "user": "sois",
        "pid": "4098",
        "cpu_percentage": "0.0",
        "memory_percentage": "0.0",
        "time": "0:00",
        "command": "/usr/bin/ssh-agent"
    },
    {
        "user": "sois",
        "pid": "4101",
        "cpu_percentage": "0.0",
        "memory_percentage": "0.0",
        "time": "0:00",
        "command": "/usr/lib/at-spi2-core/at-spi-bus-launcher"
    },
    {
        "user": "sois",
        "pid": "4106",
        "cpu_percentage": "0.0",
        "memory_percentage": "0.0",
        "time": "0:00",
        "command": "/usr/bin/dbus-daemon"
    },
    {
        "user": "sois",
        "pid": "4108",
        "cpu_percentage": "0.0",
        "memory_percentage": "0.0",
        "time": "0:03",
        "command": "/usr/lib/at-spi2-core/at-spi2-registryd"
    },
    {
        "user": "sois",
        "pid": "4126",
        "cpu_percentage": "0.2",
        "memory_percentage": "2.3",
        "time": "8:21",
        "command": "/usr/bin/gnome-shell"
    },
    {
        "user": "sois",
        "pid": "4133",
        "cpu_percentage": "0.0",
        "memory_percentage": "0.0",
        "time": "0:00",
        "command": "/usr/lib/gvfs/gvfsd"
    },
    {
        "user": "sois",
        "pid": "4138",
        "cpu_percentage": "0.0",
        "memory_percentage": "0.0",
        "time": "0:00",
        "command": "/usr/lib/gvfs/gvfsd-fuse"
    },
    {
        "user": "sois",
        "pid": "4150",
        "cpu_percentage": "0.0",
        "memory_percentage": "0.1",
        "time": "0:00",
        "command": "/usr/bin/pulseaudio"
    },
    {
        "user": "sois",
        "pid": "4162",
        "cpu_percentage": "0.0",
        "memory_percentage": "0.1",
        "time": "0:12",
        "command": "ibus-daemon"
    },
    {
        "user": "sois",
        "pid": "4166",
        "cpu_percentage": "0.0",
        "memory_percentage": "0.0",
        "time": "0:00",
        "command": "/usr/lib/ibus/ibus-dconf"
    },
    {
        "user": "sois",
        "pid": "4168",
        "cpu_percentage": "0.0",
        "memory_percentage": "0.2",
        "time": "0:00",
        "command": "/usr/lib/ibus/ibus-x11"
    },
    {
        "user": "sois",
        "pid": "4172",
        "cpu_percentage": "0.0",
        "memory_percentage": "0.0",
        "time": "0:00",
        "command": "/usr/lib/ibus/ibus-portal"
    },
    {
        "user": "sois",
        "pid": "4182",
        "cpu_percentage": "0.0",
        "memory_percentage": "0.2",
        "time": "0:00",
        "command": "/usr/lib/gnome-shell/gnome-shell-calendar-server"
    },
    {
        "user": "sois",
        "pid": "4199",
        "cpu_percentage": "0.0",
        "memory_percentage": "0.0",
        "time": "0:00",
        "command": "/usr/lib/dconf/dconf-service"
    },
    {
        "user": "sois",
        "pid": "4203",
        "cpu_percentage": "0.0",
        "memory_percentage": "0.1",
        "time": "0:05",
        "command": "/usr/lib/gvfs/gvfs-udisks2-volume-monitor"
    },
    {
        "user": "sois",
        "pid": "4208",
        "cpu_percentage": "0.0",
        "memory_percentage": "0.0",
        "time": "0:00",
        "command": "/usr/lib/gvfs/gvfs-gphoto2-volume-monitor"
    },
    {
        "user": "sois",
        "pid": "4212",
        "cpu_percentage": "0.0",
        "memory_percentage": "0.2",
        "time": "0:00",
        "command": "/usr/lib/evolution/evolution-source-registry"
    },
    {
        "user": "sois",
        "pid": "4216",
        "cpu_percentage": "0.0",
        "memory_percentage": "0.0",
        "time": "0:00",
        "command": "/usr/lib/gvfs/gvfs-mtp-volume-monitor"
    },
    {
        "user": "sois",
        "pid": "4220",
        "cpu_percentage": "0.0",
        "memory_percentage": "0.0",
        "time": "0:00",
        "command": "/usr/lib/gvfs/gvfs-afc-volume-monitor"
    },
    {
        "user": "sois",
        "pid": "4228",
        "cpu_percentage": "0.0",
        "memory_percentage": "0.0",
        "time": "0:00",
        "command": "/usr/lib/gvfs/gvfs-goa-volume-monitor"
    },
    {
        "user": "sois",
        "pid": "4232",
        "cpu_percentage": "0.0",
        "memory_percentage": "0.3",
        "time": "0:00",
        "command": "/usr/lib/gnome-online-accounts/goa-daemon"
    },
    {
        "user": "sois",
        "pid": "4242",
        "cpu_percentage": "0.0",
        "memory_percentage": "0.0",
        "time": "0:00",
        "command": "/usr/lib/gnome-online-accounts/goa-identity-service"
    },
    {
        "user": "sois",
        "pid": "4247",
        "cpu_percentage": "0.0",
        "memory_percentage": "0.2",
        "time": "0:00",
        "command": "/usr/lib/gnome-settings-daemon/gsd-power"
    },
    {
        "user": "sois",
        "pid": "4248",
        "cpu_percentage": "0.0",
        "memory_percentage": "0.1",
        "time": "0:00",
        "command": "/usr/lib/gnome-settings-daemon/gsd-print-notifications"
    },
    {
        "user": "sois",
        "pid": "4250",
        "cpu_percentage": "0.0",
        "memory_percentage": "0.0",
        "time": "0:00",
        "command": "/usr/lib/gnome-settings-daemon/gsd-rfkill"
    },
    {
        "user": "sois",
        "pid": "4254",
        "cpu_percentage": "0.0",
        "memory_percentage": "0.0",
        "time": "0:00",
        "command": "/usr/lib/gnome-settings-daemon/gsd-screensaver-proxy"
    },
    {
        "user": "sois",
        "pid": "4256",
        "cpu_percentage": "0.0",
        "memory_percentage": "0.0",
        "time": "0:00",
        "command": "/usr/lib/gnome-settings-daemon/gsd-sharing"
    },
    {
        "user": "sois",
        "pid": "4260",
        "cpu_percentage": "0.0",
        "memory_percentage": "0.0",
        "time": "0:00",
        "command": "/usr/lib/gnome-settings-daemon/gsd-sound"
    },
    {
        "user": "sois",
        "pid": "4265",
        "cpu_percentage": "0.0",
        "memory_percentage": "0.2",
        "time": "0:00",
        "command": "/usr/lib/gnome-settings-daemon/gsd-xsettings"
    },
    {
        "user": "sois",
        "pid": "4273",
        "cpu_percentage": "0.0",
        "memory_percentage": "0.0",
        "time": "0:00",
        "command": "/usr/lib/gnome-settings-daemon/gsd-smartcard"
    },
    {
        "user": "sois",
        "pid": "4274",
        "cpu_percentage": "0.0",
        "memory_percentage": "0.2",
        "time": "0:00",
        "command": "/usr/lib/gnome-settings-daemon/gsd-wacom"
    },
    {
        "user": "sois",
        "pid": "4282",
        "cpu_percentage": "0.0",
        "memory_percentage": "0.0",
        "time": "0:00",
        "command": "/usr/lib/gnome-settings-daemon/gsd-a11y-settings"
    },
    {
        "user": "sois",
        "pid": "4287",
        "cpu_percentage": "0.0",
        "memory_percentage": "0.2",
        "time": "0:00",
        "command": "/usr/lib/gnome-settings-daemon/gsd-clipboard"
    },
    {
        "user": "sois",
        "pid": "4290",
        "cpu_percentage": "0.0",
        "memory_percentage": "0.2",
        "time": "0:41",
        "command": "/usr/lib/gnome-settings-daemon/gsd-color"
    },
    {
        "user": "sois",
        "pid": "4292",
        "cpu_percentage": "0.0",
        "memory_percentage": "0.1",
        "time": "0:00",
        "command": "/usr/lib/gnome-settings-daemon/gsd-datetime"
    },
    {
        "user": "sois",
        "pid": "4294",
        "cpu_percentage": "0.0",
        "memory_percentage": "0.0",
        "time": "0:11",
        "command": "/usr/lib/gnome-settings-daemon/gsd-housekeeping"
    },
    {
        "user": "sois",
        "pid": "4296",
        "cpu_percentage": "0.0",
        "memory_percentage": "0.2",
        "time": "0:00",
        "command": "/usr/lib/gnome-settings-daemon/gsd-keyboard"
    },
    {
        "user": "sois",
        "pid": "4301",
        "cpu_percentage": "0.0",
        "memory_percentage": "0.2",
        "time": "0:00",
        "command": "/usr/lib/gnome-settings-daemon/gsd-media-keys"
    },
    {
        "user": "sois",
        "pid": "4304",
        "cpu_percentage": "0.0",
        "memory_percentage": "0.0",
        "time": "0:00",
        "command": "/usr/lib/gnome-settings-daemon/gsd-mouse"
    },
    {
        "user": "sois",
        "pid": "4342",
        "cpu_percentage": "0.0",
        "memory_percentage": "0.1",
        "time": "0:00",
        "command": "/usr/lib/gnome-settings-daemon/gsd-printer"
    },
    {
        "user": "sois",
        "pid": "4361",
        "cpu_percentage": "0.0",
        "memory_percentage": "0.7",
        "time": "0:14",
        "command": "nautilus-desktop"
    },
    {
        "user": "sois",
        "pid": "4362",
        "cpu_percentage": "0.0",
        "memory_percentage": "0.0",
        "time": "0:00",
        "command": "/usr/lib/gnome-disk-utility/gsd-disk-utility-notify"
    },
    {
        "user": "sois",
        "pid": "4383",
        "cpu_percentage": "0.0",
        "memory_percentage": "0.7",
        "time": "0:00",
        "command": "/usr/lib/evolution/evolution-calendar-factory"
    },
    {
        "user": "sois",
        "pid": "4398",
        "cpu_percentage": "0.0",
        "memory_percentage": "0.0",
        "time": "0:03",
        "command": "/usr/lib/ibus/ibus-engine-simple"
    },
    {
        "user": "sois",
        "pid": "4414",
        "cpu_percentage": "0.0",
        "memory_percentage": "0.0",
        "time": "0:00",
        "command": "/usr/lib/gvfs/gvfsd-trash"
    },
    {
        "user": "sois",
        "pid": "4443",
        "cpu_percentage": "0.0",
        "memory_percentage": "0.7",
        "time": "0:00",
        "command": "/usr/lib/evolution/evolution-calendar-factory-subprocess"
    },
    {
        "user": "sois",
        "pid": "4454",
        "cpu_percentage": "0.0",
        "memory_percentage": "0.2",
        "time": "0:00",
        "command": "/usr/lib/evolution/evolution-addressbook-factory"
    },
    {
        "user": "sois",
        "pid": "4466",
        "cpu_percentage": "0.0",
        "memory_percentage": "0.2",
        "time": "0:00",
        "command": "/usr/lib/evolution/evolution-addressbook-factory-subprocess"
    },
    {
        "user": "sois",
        "pid": "4487",
        "cpu_percentage": "0.0",
        "memory_percentage": "0.0",
        "time": "0:00",
        "command": "/usr/lib/gvfs/gvfsd-metadata"
    },
    {
        "user": "sois",
        "pid": "4564",
        "cpu_percentage": "0.0",
        "memory_percentage": "2.1",
        "time": "0:09",
        "command": "/usr/bin/gnome-software"
    },
    {
        "user": "sois",
        "pid": "4567",
        "cpu_percentage": "0.0",
        "memory_percentage": "0.2",
        "time": "0:03",
        "command": "update-notifier"
    },
    {
        "user": "root",
        "pid": "4589",
        "cpu_percentage": "0.0",
        "memory_percentage": "0.2",
        "time": "0:05",
        "command": "/usr/lib/fwupd/fwupd"
    },
    {
        "user": "sois",
        "pid": "4701",
        "cpu_percentage": "0.0",
        "memory_percentage": "0.3",
        "time": "0:00",
        "command": "/usr/lib/deja-dup/deja-dup-monitor"
    },
    {
        "user": "root",
        "pid": "6652",
        "cpu_percentage": "0.0",
        "memory_percentage": "0.0",
        "time": "0:00",
        "command": "gdm-session-worker"
    },
    {
        "user": "root",
        "pid": "7463",
        "cpu_percentage": "0.0",
        "memory_percentage": "0.0",
        "time": "0:00",
        "command": "gdm-session-worker"
    },
    {
        "user": "sois",
        "pid": "8175",
        "cpu_percentage": "0.0",
        "memory_percentage": "0.0",
        "time": "0:00",
        "command": "/usr/lib/gvfs/gvfsd-network"
    },
    {
        "user": "sois",
        "pid": "8224",
        "cpu_percentage": "0.0",
        "memory_percentage": "0.0",
        "time": "0:00",
        "command": "/usr/lib/gvfs/gvfsd-dnssd"
    },
    {
        "user": "root",
        "pid": "8949",
        "cpu_percentage": "0.0",
        "memory_percentage": "0.0",
        "time": "0:00",
        "command": "gdm-session-worker"
    },
    {
        "user": "sois",
        "pid": "12208",
        "cpu_percentage": "0.0",
        "memory_percentage": "0.7",
        "time": "0:11",
        "command": "/usr/bin/nautilus"
    },
    {
        "user": "sois",
        "pid": "12262",
        "cpu_percentage": "0.0",
        "memory_percentage": "0.1",
        "time": "0:00",
        "command": "/usr/bin/zeitgeist-daemon"
    },
    {
        "user": "sois",
        "pid": "12268",
        "cpu_percentage": "0.0",
        "memory_percentage": "0.1",
        "time": "0:00",
        "command": "/usr/lib/zeitgeist/zeitgeist/zeitgeist-fts"
    },
    {
        "user": "sois",
        "pid": "12286",
        "cpu_percentage": "0.0",
        "memory_percentage": "0.3",
        "time": "0:12",
        "command": "/usr/lib/gnome-terminal/gnome-terminal-server"
    },
    {
        "user": "sois",
        "pid": "12296",
        "cpu_percentage": "0.0",
        "memory_percentage": "0.0",
        "time": "0:00",
        "command": "bash"
    },
    {
        "user": "sois",
        "pid": "12926",
        "cpu_percentage": "0.0",
        "memory_percentage": "0.0",
        "time": "0:00",
        "command": "/usr/bin/ssh-agent"
    },
    {
        "user": "sois",
        "pid": "12945",
        "cpu_percentage": "0.0",
        "memory_percentage": "0.0",
        "time": "0:00",
        "command": "bash"
    },
    {
        "user": "www-data",
        "pid": "17403",
        "cpu_percentage": "0.0",
        "memory_percentage": "0.1",
        "time": "0:00",
        "command": "/usr/sbin/apache2"
    },
    {
        "user": "www-data",
        "pid": "17404",
        "cpu_percentage": "0.0",
        "memory_percentage": "0.1",
        "time": "0:00",
        "command": "/usr/sbin/apache2"
    },
    {
        "user": "www-data",
        "pid": "17405",
        "cpu_percentage": "0.0",
        "memory_percentage": "0.1",
        "time": "0:00",
        "command": "/usr/sbin/apache2"
    },
    {
        "user": "www-data",
        "pid": "17406",
        "cpu_percentage": "0.0",
        "memory_percentage": "0.1",
        "time": "0:00",
        "command": "/usr/sbin/apache2"
    },
    {
        "user": "www-data",
        "pid": "17407",
        "cpu_percentage": "0.0",
        "memory_percentage": "0.1",
        "time": "0:00",
        "command": "/usr/sbin/apache2"
    },
    {
        "user": "root",
        "pid": "17432",
        "cpu_percentage": "0.0",
        "memory_percentage": "0.0",
        "time": "0:00",
        "command": "/usr/sbin/cupsd"
    },
    {
        "user": "root",
        "pid": "17433",
        "cpu_percentage": "0.0",
        "memory_percentage": "0.0",
        "time": "0:00",
        "command": "/usr/sbin/cups-browsed"
    },
    {
        "user": "root",
        "pid": "19271",
        "cpu_percentage": "0.0",
        "memory_percentage": "0.0",
        "time": "0:02",
        "command": "[kworker/0:2]"
    },
    {
        "user": "root",
        "pid": "21829",
        "cpu_percentage": "0.0",
        "memory_percentage": "0.0",
        "time": "0:01",
        "command": "[kworker/2:2]"
    },
    {
        "user": "root",
        "pid": "22849",
        "cpu_percentage": "0.0",
        "memory_percentage": "0.0",
        "time": "0:00",
        "command": "[loop22]"
    },
    {
        "user": "root",
        "pid": "25061",
        "cpu_percentage": "0.0",
        "memory_percentage": "0.0",
        "time": "0:00",
        "command": "[kworker/3:1]"
    },
    {
        "user": "root",
        "pid": "32185",
        "cpu_percentage": "0.0",
        "memory_percentage": "0.0",
        "time": "0:00",
        "command": "[kworker/1:1]"
    },
    {
        "user": "root",
        "pid": "32295",
        "cpu_percentage": "0.0",
        "memory_percentage": "0.0",
        "time": "0:00",
        "command": "gdm-session-worker"
    }
]