[
    {
        "user": "USER",
        "pid": "PID",
        "cpu_percentage": "%CPU",
        "memory_percentage": "%MEM",
        "time": "TIME",
        "command": "COMMAND"
    },
    {
        "user": "root",
        "pid": "1",
        "cpu_percentage": "0.5",
        "memory_percentage": "0.1",
        "time": "0:04",
        "command": "/sbin/init"
    },
    {
        "user": "root",
        "pid": "2",
        "cpu_percentage": "0.0",
        "memory_percentage": "0.0",
        "time": "0:00",
        "command": "[kthreadd]"
    },
    {
        "user": "root",
        "pid": "4",
        "cpu_percentage": "0.0",
        "memory_percentage": "0.0",
        "time": "0:00",
        "command": "[kworker/0:0H]"
    },
    {
        "user": "root",
        "pid": "6",
        "cpu_percentage": "0.0",
        "memory_percentage": "0.0",
        "time": "0:00",
        "command": "[mm_percpu_wq]"
    },
    {
        "user": "root",
        "pid": "7",
        "cpu_percentage": "0.0",
        "memory_percentage": "0.0",
        "time": "0:00",
        "command": "[ksoftirqd/0]"
    },
    {
        "user": "root",
        "pid": "8",
        "cpu_percentage": "0.0",
        "memory_percentage": "0.0",
        "time": "0:00",
        "command": "[rcu_sched]"
    },
    {
        "user": "root",
        "pid": "9",
        "cpu_percentage": "0.0",
        "memory_percentage": "0.0",
        "time": "0:00",
        "command": "[rcu_bh]"
    },
    {
        "user": "root",
        "pid": "10",
        "cpu_percentage": "0.0",
        "memory_percentage": "0.0",
        "time": "0:00",
        "command": "[migration/0]"
    },
    {
        "user": "root",
        "pid": "11",
        "cpu_percentage": "0.0",
        "memory_percentage": "0.0",
        "time": "0:00",
        "command": "[watchdog/0]"
    },
    {
        "user": "root",
        "pid": "12",
        "cpu_percentage": "0.0",
        "memory_percentage": "0.0",
        "time": "0:00",
        "command": "[cpuhp/0]"
    },
    {
        "user": "root",
        "pid": "13",
        "cpu_percentage": "0.0",
        "memory_percentage": "0.0",
        "time": "0:00",
        "command": "[cpuhp/1]"
    },
    {
        "user": "root",
        "pid": "14",
        "cpu_percentage": "0.0",
        "memory_percentage": "0.0",
        "time": "0:00",
        "command": "[watchdog/1]"
    },
    {
        "user": "root",
        "pid": "15",
        "cpu_percentage": "0.0",
        "memory_percentage": "0.0",
        "time": "0:00",
        "command": "[migration/1]"
    },
    {
        "user": "root",
        "pid": "16",
        "cpu_percentage": "0.0",
        "memory_percentage": "0.0",
        "time": "0:00",
        "command": "[ksoftirqd/1]"
    },
    {
        "user": "root",
        "pid": "18",
        "cpu_percentage": "0.0",
        "memory_percentage": "0.0",
        "time": "0:00",
        "command": "[kworker/1:0H]"
    },
    {
        "user": "root",
        "pid": "19",
        "cpu_percentage": "0.0",
        "memory_percentage": "0.0",
        "time": "0:00",
        "command": "[cpuhp/2]"
    },
    {
        "user": "root",
        "pid": "20",
        "cpu_percentage": "0.0",
        "memory_percentage": "0.0",
        "time": "0:00",
        "command": "[watchdog/2]"
    },
    {
        "user": "root",
        "pid": "21",
        "cpu_percentage": "0.0",
        "memory_percentage": "0.0",
        "time": "0:00",
        "command": "[migration/2]"
    },
    {
        "user": "root",
        "pid": "22",
        "cpu_percentage": "0.0",
        "memory_percentage": "0.0",
        "time": "0:00",
        "command": "[ksoftirqd/2]"
    },
    {
        "user": "root",
        "pid": "24",
        "cpu_percentage": "0.0",
        "memory_percentage": "0.0",
        "time": "0:00",
        "command": "[kworker/2:0H]"
    },
    {
        "user": "root",
        "pid": "25",
        "cpu_percentage": "0.0",
        "memory_percentage": "0.0",
        "time": "0:00",
        "command": "[cpuhp/3]"
    },
    {
        "user": "root",
        "pid": "26",
        "cpu_percentage": "0.0",
        "memory_percentage": "0.0",
        "time": "0:00",
        "command": "[watchdog/3]"
    },
    {
        "user": "root",
        "pid": "27",
        "cpu_percentage": "0.0",
        "memory_percentage": "0.0",
        "time": "0:00",
        "command": "[migration/3]"
    },
    {
        "user": "root",
        "pid": "28",
        "cpu_percentage": "0.0",
        "memory_percentage": "0.0",
        "time": "0:00",
        "command": "[ksoftirqd/3]"
    },
    {
        "user": "root",
        "pid": "30",
        "cpu_percentage": "0.0",
        "memory_percentage": "0.0",
        "time": "0:00",
        "command": "[kworker/3:0H]"
    },
    {
        "user": "root",
        "pid": "31",
        "cpu_percentage": "0.0",
        "memory_percentage": "0.0",
        "time": "0:00",
        "command": "[kdevtmpfs]"
    },
    {
        "user": "root",
        "pid": "32",
        "cpu_percentage": "0.0",
        "memory_percentage": "0.0",
        "time": "0:00",
        "command": "[netns]"
    },
    {
        "user": "root",
        "pid": "33",
        "cpu_percentage": "0.0",
        "memory_percentage": "0.0",
        "time": "0:00",
        "command": "[rcu_tasks_kthre]"
    },
    {
        "user": "root",
        "pid": "34",
        "cpu_percentage": "0.0",
        "memory_percentage": "0.0",
        "time": "0:00",
        "command": "[kauditd]"
    },
    {
        "user": "root",
        "pid": "35",
        "cpu_percentage": "0.0",
        "memory_percentage": "0.0",
        "time": "0:00",
        "command": "[kworker/0:1]"
    },
    {
        "user": "root",
        "pid": "36",
        "cpu_percentage": "0.0",
        "memory_percentage": "0.0",
        "time": "0:00",
        "command": "[kworker/1:1]"
    },
    {
        "user": "root",
        "pid": "38",
        "cpu_percentage": "0.0",
        "memory_percentage": "0.0",
        "time": "0:00",
        "command": "[khungtaskd]"
    },
    {
        "user": "root",
        "pid": "39",
        "cpu_percentage": "0.0",
        "memory_percentage": "0.0",
        "time": "0:00",
        "command": "[oom_reaper]"
    },
    {
        "user": "root",
        "pid": "40",
        "cpu_percentage": "0.0",
        "memory_percentage": "0.0",
        "time": "0:00",
        "command": "[writeback]"
    },
    {
        "user": "root",
        "pid": "41",
        "cpu_percentage": "0.0",
        "memory_percentage": "0.0",
        "time": "0:00",
        "command": "[kcompactd0]"
    },
    {
        "user": "root",
        "pid": "42",
        "cpu_percentage": "0.0",
        "memory_percentage": "0.0",
        "time": "0:00",
        "command": "[ksmd]"
    },
    {
        "user": "root",
        "pid": "43",
        "cpu_percentage": "0.0",
        "memory_percentage": "0.0",
        "time": "0:00",
        "command": "[khugepaged]"
    },
    {
        "user": "root",
        "pid": "44",
        "cpu_percentage": "0.0",
        "memory_percentage": "0.0",
        "time": "0:00",
        "command": "[crypto]"
    },
    {
        "user": "root",
        "pid": "45",
        "cpu_percentage": "0.0",
        "memory_percentage": "0.0",
        "time": "0:00",
        "command": "[kintegrityd]"
    },
    {
        "user": "root",
        "pid": "46",
        "cpu_percentage": "0.0",
        "memory_percentage": "0.0",
        "time": "0:00",
        "command": "[kblockd]"
    },
    {
        "user": "root",
        "pid": "47",
        "cpu_percentage": "0.0",
        "memory_percentage": "0.0",
        "time": "0:00",
        "command": "[kworker/3:1]"
    },
    {
        "user": "root",
        "pid": "48",
        "cpu_percentage": "0.0",
        "memory_percentage": "0.0",
        "time": "0:00",
        "command": "[ata_sff]"
    },
    {
        "user": "root",
        "pid": "49",
        "cpu_percentage": "0.0",
        "memory_percentage": "0.0",
        "time": "0:00",
        "command": "[md]"
    },
    {
        "user": "root",
        "pid": "50",
        "cpu_percentage": "0.0",
        "memory_percentage": "0.0",
        "time": "0:00",
        "command": "[edac-poller]"
    },
    {
        "user": "root",
        "pid": "51",
        "cpu_percentage": "0.0",
        "memory_percentage": "0.0",
        "time": "0:00",
        "command": "[devfreq_wq]"
    },
    {
        "user": "root",
        "pid": "52",
        "cpu_percentage": "0.0",
        "memory_percentage": "0.0",
        "time": "0:00",
        "command": "[watchdogd]"
    },
    {
        "user": "root",
        "pid": "53",
        "cpu_percentage": "0.0",
        "memory_percentage": "0.0",
        "time": "0:00",
        "command": "[kworker/u8:1]"
    },
    {
        "user": "root",
        "pid": "55",
        "cpu_percentage": "0.0",
        "memory_percentage": "0.0",
        "time": "0:00",
        "command": "[kswapd0]"
    },
    {
        "user": "root",
        "pid": "56",
        "cpu_percentage": "0.0",
        "memory_percentage": "0.0",
        "time": "0:00",
        "command": "[kworker/u9:0]"
    },
    {
        "user": "root",
        "pid": "57",
        "cpu_percentage": "0.0",
        "memory_percentage": "0.0",
        "time": "0:00",
        "command": "[ecryptfs-kthrea]"
    },
    {
        "user": "root",
        "pid": "99",
        "cpu_percentage": "0.0",
        "memory_percentage": "0.0",
        "time": "0:00",
        "command": "[kthrotld]"
    },
    {
        "user": "root",
        "pid": "100",
        "cpu_percentage": "0.0",
        "memory_percentage": "0.0",
        "time": "0:00",
        "command": "[acpi_thermal_pm]"
    },
    {
        "user": "root",
        "pid": "104",
        "cpu_percentage": "0.0",
        "memory_percentage": "0.0",
        "time": "0:00",
        "command": "[ipv6_addrconf]"
    },
    {
        "user": "root",
        "pid": "113",
        "cpu_percentage": "0.0",
        "memory_percentage": "0.0",
        "time": "0:00",
        "command": "[kstrp]"
    },
    {
        "user": "root",
        "pid": "134",
        "cpu_percentage": "0.0",
        "memory_percentage": "0.0",
        "time": "0:00",
        "command": "[kworker/u8:2]"
    },
    {
        "user": "root",
        "pid": "135",
        "cpu_percentage": "0.0",
        "memory_percentage": "0.0",
        "time": "0:00",
        "command": "[charger_manager]"
    },
    {
        "user": "root",
        "pid": "182",
        "cpu_percentage": "0.0",
        "memory_percentage": "0.0",
        "time": "0:00",
        "command": "[scsi_eh_0]"
    },
    {
        "user": "root",
        "pid": "183",
        "cpu_percentage": "0.0",
        "memory_percentage": "0.0",
        "time": "0:00",
        "command": "[scsi_tmf_0]"
    },
    {
        "user": "root",
        "pid": "184",
        "cpu_percentage": "0.0",
        "memory_percentage": "0.0",
        "time": "0:00",
        "command": "[scsi_eh_1]"
    },
    {
        "user": "root",
        "pid": "185",
        "cpu_percentage": "0.0",
        "memory_percentage": "0.0",
        "time": "0:00",
        "command": "[scsi_tmf_1]"
    },
    {
        "user": "root",
        "pid": "186",
        "cpu_percentage": "0.0",
        "memory_percentage": "0.0",
        "time": "0:00",
        "command": "[scsi_eh_2]"
    },
    {
        "user": "root",
        "pid": "187",
        "cpu_percentage": "0.0",
        "memory_percentage": "0.0",
        "time": "0:00",
        "command": "[scsi_tmf_2]"
    },
    {
        "user": "root",
        "pid": "188",
        "cpu_percentage": "0.0",
        "memory_percentage": "0.0",
        "time": "0:00",
        "command": "[scsi_eh_3]"
    },
    {
        "user": "root",
        "pid": "189",
        "cpu_percentage": "0.0",
        "memory_percentage": "0.0",
        "time": "0:00",
        "command": "[scsi_tmf_3]"
    },
    {
        "user": "root",
        "pid": "190",
        "cpu_percentage": "0.0",
        "memory_percentage": "0.0",
        "time": "0:00",
        "command": "[kworker/u8:3]"
    },
    {
        "user": "root",
        "pid": "191",
        "cpu_percentage": "0.0",
        "memory_percentage": "0.0",
        "time": "0:00",
        "command": "[kworker/u8:4]"
    },
    {
        "user": "root",
        "pid": "195",
        "cpu_percentage": "0.0",
        "memory_percentage": "0.0",
        "time": "0:00",
        "command": "[kworker/3:1H]"
    },
    {
        "user": "root",
        "pid": "225",
        "cpu_percentage": "0.0",
        "memory_percentage": "0.0",
        "time": "0:00",
        "command": "[jbd2/sda7-8]"
    },
    {
        "user": "root",
        "pid": "226",
        "cpu_percentage": "0.0",
        "memory_percentage": "0.0",
        "time": "0:00",
        "command": "[ext4-rsv-conver]"
    },
    {
        "user": "root",
        "pid": "255",
        "cpu_percentage": "0.0",
        "memory_percentage": "0.0",
        "time": "0:00",
        "command": "[kworker/1:1H]"
    },
    {
        "user": "root",
        "pid": "258",
        "cpu_percentage": "0.1",
        "memory_percentage": "0.6",
        "time": "0:00",
        "command": "/lib/systemd/systemd-journald"
    },
    {
        "user": "root",
        "pid": "265",
        "cpu_percentage": "0.0",
        "memory_percentage": "0.0",
        "time": "0:00",
        "command": "[kworker/0:1H]"
    },
    {
        "user": "root",
        "pid": "279",
        "cpu_percentage": "0.0",
        "memory_percentage": "0.0",
        "time": "0:00",
        "command": "[kworker/2:1H]"
    },
    {
        "user": "root",
        "pid": "285",
        "cpu_percentage": "0.6",
        "memory_percentage": "0.0",
        "time": "0:05",
        "command": "/lib/systemd/systemd-udevd"
    },
    {
        "user": "root",
        "pid": "336",
        "cpu_percentage": "0.0",
        "memory_percentage": "0.0",
        "time": "0:00",
        "command": "[irq/126-mei_me]"
    },
    {
        "user": "root",
        "pid": "351",
        "cpu_percentage": "0.0",
        "memory_percentage": "0.0",
        "time": "0:00",
        "command": "[kmemstick]"
    },
    {
        "user": "root",
        "pid": "354",
        "cpu_percentage": "0.0",
        "memory_percentage": "0.0",
        "time": "0:00",
        "command": "[kworker/3:2]"
    },
    {
        "user": "root",
        "pid": "387",
        "cpu_percentage": "0.0",
        "memory_percentage": "0.0",
        "time": "0:00",
        "command": "[loop0]"
    },
    {
        "user": "root",
        "pid": "388",
        "cpu_percentage": "0.0",
        "memory_percentage": "0.0",
        "time": "0:00",
        "command": "[loop1]"
    },
    {
        "user": "root",
        "pid": "389",
        "cpu_percentage": "0.0",
        "memory_percentage": "0.0",
        "time": "0:00",
        "command": "[loop2]"
    },
    {
        "user": "root",
        "pid": "390",
        "cpu_percentage": "0.0",
        "memory_percentage": "0.0",
        "time": "0:00",
        "command": "[loop3]"
    },
    {
        "user": "root",
        "pid": "391",
        "cpu_percentage": "0.0",
        "memory_percentage": "0.0",
        "time": "0:00",
        "command": "[loop4]"
    },
    {
        "user": "root",
        "pid": "392",
        "cpu_percentage": "0.0",
        "memory_percentage": "0.0",
        "time": "0:00",
        "command": "[loop5]"
    },
    {
        "user": "root",
        "pid": "393",
        "cpu_percentage": "0.0",
        "memory_percentage": "0.0",
        "time": "0:00",
        "command": "[loop6]"
    },
    {
        "user": "root",
        "pid": "394",
        "cpu_percentage": "0.0",
        "memory_percentage": "0.0",
        "time": "0:00",
        "command": "[loop7]"
    },
    {
        "user": "root",
        "pid": "396",
        "cpu_percentage": "0.0",
        "memory_percentage": "0.0",
        "time": "0:00",
        "command": "[loop8]"
    },
    {
        "user": "root",
        "pid": "397",
        "cpu_percentage": "0.0",
        "memory_percentage": "0.0",
        "time": "0:00",
        "command": "[loop9]"
    },
    {
        "user": "root",
        "pid": "398",
        "cpu_percentage": "0.0",
        "memory_percentage": "0.0",
        "time": "0:00",
        "command": "[loop10]"
    },
    {
        "user": "root",
        "pid": "399",
        "cpu_percentage": "0.0",
        "memory_percentage": "0.0",
        "time": "0:00",
        "command": "[loop11]"
    },
    {
        "user": "root",
        "pid": "400",
        "cpu_percentage": "0.0",
        "memory_percentage": "0.0",
        "time": "0:00",
        "command": "[loop12]"
    },
    {
        "user": "root",
        "pid": "401",
        "cpu_percentage": "0.0",
        "memory_percentage": "0.0",
        "time": "0:00",
        "command": "[loop13]"
    },
    {
        "user": "root",
        "pid": "402",
        "cpu_percentage": "0.0",
        "memory_percentage": "0.0",
        "time": "0:00",
        "command": "[loop14]"
    },
    {
        "user": "root",
        "pid": "403",
        "cpu_percentage": "0.0",
        "memory_percentage": "0.0",
        "time": "0:00",
        "command": "[loop15]"
    },
    {
        "user": "root",
        "pid": "404",
        "cpu_percentage": "0.0",
        "memory_percentage": "0.0",
        "time": "0:00",
        "command": "[loop16]"
    },
    {
        "user": "root",
        "pid": "405",
        "cpu_percentage": "0.0",
        "memory_percentage": "0.0",
        "time": "0:00",
        "command": "[loop17]"
    },
    {
        "user": "root",
        "pid": "406",
        "cpu_percentage": "0.0",
        "memory_percentage": "0.0",
        "time": "0:00",
        "command": "[loop18]"
    },
    {
        "user": "root",
        "pid": "407",
        "cpu_percentage": "0.0",
        "memory_percentage": "0.0",
        "time": "0:00",
        "command": "[loop19]"
    },
    {
        "user": "root",
        "pid": "414",
        "cpu_percentage": "0.0",
        "memory_percentage": "0.0",
        "time": "0:00",
        "command": "[i915/signal:0]"
    },
    {
        "user": "root",
        "pid": "415",
        "cpu_percentage": "0.0",
        "memory_percentage": "0.0",
        "time": "0:00",
        "command": "[i915/signal:1]"
    },
    {
        "user": "root",
        "pid": "416",
        "cpu_percentage": "0.0",
        "memory_percentage": "0.0",
        "time": "0:00",
        "command": "[i915/signal:2]"
    },
    {
        "user": "root",
        "pid": "417",
        "cpu_percentage": "0.0",
        "memory_percentage": "0.0",
        "time": "0:00",
        "command": "[i915/signal:4]"
    },
    {
        "user": "root",
        "pid": "859",
        "cpu_percentage": "0.0",
        "memory_percentage": "0.0",
        "time": "0:00",
        "command": "/sbin/rpcbind"
    },
    {
        "user": "systemd+",
        "pid": "889",
        "cpu_percentage": "0.0",
        "memory_percentage": "0.0",
        "time": "0:00",
        "command": "/lib/systemd/systemd-timesyncd"
    },
    {
        "user": "systemd+",
        "pid": "890",
        "cpu_percentage": "0.0",
        "memory_percentage": "0.0",
        "time": "0:00",
        "command": "/lib/systemd/systemd-resolved"
    },
    {
        "user": "root",
        "pid": "1070",
        "cpu_percentage": "0.0",
        "memory_percentage": "0.2",
        "time": "0:00",
        "command": "/usr/bin/python3"
    },
    {
        "user": "syslog",
        "pid": "1081",
        "cpu_percentage": "0.0",
        "memory_percentage": "0.0",
        "time": "0:00",
        "command": "/usr/sbin/rsyslogd"
    },
    {
        "user": "avahi",
        "pid": "1083",
        "cpu_percentage": "0.0",
        "memory_percentage": "0.0",
        "time": "0:00",
        "command": "avahi-daemon:"
    },
    {
        "user": "root",
        "pid": "1084",
        "cpu_percentage": "0.0",
        "memory_percentage": "0.1",
        "time": "0:00",
        "command": "/usr/sbin/thermald"
    },
    {
        "user": "root",
        "pid": "1102",
        "cpu_percentage": "0.0",
        "memory_percentage": "0.0",
        "time": "0:00",
        "command": "/usr/sbin/irqbalance"
    },
    {
        "user": "message+",
        "pid": "1103",
        "cpu_percentage": "0.2",
        "memory_percentage": "0.0",
        "time": "0:01",
        "command": "/usr/bin/dbus-daemon"
    },
    {
        "user": "avahi",
        "pid": "1141",
        "cpu_percentage": "0.0",
        "memory_percentage": "0.0",
        "time": "0:00",
        "command": "avahi-daemon:"
    },
    {
        "user": "root",
        "pid": "1148",
        "cpu_percentage": "0.0",
        "memory_percentage": "0.0",
        "time": "0:00",
        "command": "/usr/bin/vmware-usbarbitrator"
    },
    {
        "user": "root",
        "pid": "1236",
        "cpu_percentage": "0.0",
        "memory_percentage": "0.1",
        "time": "0:00",
        "command": "/usr/lib/udisks2/udisksd"
    },
    {
        "user": "root",
        "pid": "1238",
        "cpu_percentage": "0.0",
        "memory_percentage": "0.1",
        "time": "0:00",
        "command": "/usr/sbin/ModemManager"
    },
    {
        "user": "root",
        "pid": "1239",
        "cpu_percentage": "0.0",
        "memory_percentage": "0.0",
        "time": "0:00",
        "command": "/usr/lib/accountsservice/accounts-daemon"
    },
    {
        "user": "root",
        "pid": "1242",
        "cpu_percentage": "0.4",
        "memory_percentage": "0.3",
        "time": "0:03",
        "command": "/usr/lib/snapd/snapd"
    },
    {
        "user": "root",
        "pid": "1244",
        "cpu_percentage": "0.0",
        "memory_percentage": "0.2",
        "time": "0:00",
        "command": "/usr/sbin/NetworkManager"
    },
    {
        "user": "root",
        "pid": "1291",
        "cpu_percentage": "0.0",
        "memory_percentage": "0.0",
        "time": "0:00",
        "command": "/usr/sbin/cron"
    },
    {
        "user": "root",
        "pid": "1298",
        "cpu_percentage": "0.0",
        "memory_percentage": "0.0",
        "time": "0:00",
        "command": "/usr/sbin/acpid"
    },
    {
        "user": "root",
        "pid": "1299",
        "cpu_percentage": "0.0",
        "memory_percentage": "0.0",
        "time": "0:00",
        "command": "/lib/systemd/systemd-logind"
    },
    {
        "user": "root",
        "pid": "1300",
        "cpu_percentage": "0.0",
        "memory_percentage": "0.0",
        "time": "0:00",
        "command": "/sbin/wpa_supplicant"
    },
    {
        "user": "root",
        "pid": "1474",
        "cpu_percentage": "0.1",
        "memory_percentage": "0.1",
        "time": "0:01",
        "command": "/usr/lib/policykit-1/polkitd"
    },
    {
        "user": "nagios",
        "pid": "1585",
        "cpu_percentage": "0.0",
        "memory_percentage": "0.0",
        "time": "0:00",
        "command": "/usr/sbin/nrpe"
    },
    {
        "user": "root",
        "pid": "1587",
        "cpu_percentage": "0.0",
        "memory_percentage": "0.2",
        "time": "0:00",
        "command": "/usr/bin/python3"
    },
    {
        "user": "root",
        "pid": "1631",
        "cpu_percentage": "0.0",
        "memory_percentage": "0.0",
        "time": "0:00",
        "command": "/usr/sbin/sshd"
    },
    {
        "user": "root",
        "pid": "1648",
        "cpu_percentage": "0.0",
        "memory_percentage": "0.4",
        "time": "0:00",
        "command": "/usr/bin/containerd"
    },
    {
        "user": "root",
        "pid": "1655",
        "cpu_percentage": "0.0",
        "memory_percentage": "0.0",
        "time": "0:00",
        "command": "/usr/sbin/gdm3"
    },
    {
        "user": "root",
        "pid": "1703",
        "cpu_percentage": "0.0",
        "memory_percentage": "0.1",
        "time": "0:00",
        "command": "gdm-session-worker"
    },
    {
        "user": "root",
        "pid": "1744",
        "cpu_percentage": "0.0",
        "memory_percentage": "0.0",
        "time": "0:00",
        "command": "/usr/sbin/apache2"
    },
    {
        "user": "gdm",
        "pid": "1889",
        "cpu_percentage": "0.0",
        "memory_percentage": "0.1",
        "time": "0:00",
        "command": "/lib/systemd/systemd"
    },
    {
        "user": "gdm",
        "pid": "1898",
        "cpu_percentage": "0.0",
        "memory_percentage": "0.0",
        "time": "0:00",
        "command": "(sd-pam)"
    },
    {
        "user": "gdm",
        "pid": "1936",
        "cpu_percentage": "0.0",
        "memory_percentage": "0.0",
        "time": "0:00",
        "command": "/usr/lib/gdm3/gdm-wayland-session"
    },
    {
        "user": "gdm",
        "pid": "1938",
        "cpu_percentage": "0.0",
        "memory_percentage": "0.0",
        "time": "0:00",
        "command": "/usr/bin/dbus-daemon"
    },
    {
        "user": "gdm",
        "pid": "1940",
        "cpu_percentage": "0.0",
        "memory_percentage": "0.1",
        "time": "0:00",
        "command": "/usr/lib/gnome-session/gnome-session-binary"
    },
    {
        "user": "gdm",
        "pid": "1959",
        "cpu_percentage": "0.2",
        "memory_percentage": "1.8",
        "time": "0:02",
        "command": "/usr/bin/gnome-shell"
    },
    {
        "user": "root",
        "pid": "2025",
        "cpu_percentage": "0.0",
        "memory_percentage": "0.1",
        "time": "0:00",
        "command": "/usr/lib/upower/upowerd"
    },
    {
        "user": "gdm",
        "pid": "2055",
        "cpu_percentage": "0.0",
        "memory_percentage": "0.5",
        "time": "0:00",
        "command": "/usr/bin/Xwayland"
    },
    {
        "user": "gdm",
        "pid": "2074",
        "cpu_percentage": "0.0",
        "memory_percentage": "0.0",
        "time": "0:00",
        "command": "/usr/lib/at-spi2-core/at-spi-bus-launcher"
    },
    {
        "user": "gdm",
        "pid": "2095",
        "cpu_percentage": "0.0",
        "memory_percentage": "0.0",
        "time": "0:00",
        "command": "/usr/bin/dbus-daemon"
    },
    {
        "user": "gdm",
        "pid": "2097",
        "cpu_percentage": "0.0",
        "memory_percentage": "0.0",
        "time": "0:00",
        "command": "/usr/lib/at-spi2-core/at-spi2-registryd"
    },
    {
        "user": "gdm",
        "pid": "2108",
        "cpu_percentage": "0.0",
        "memory_percentage": "0.1",
        "time": "0:00",
        "command": "/usr/bin/pulseaudio"
    },
    {
        "user": "rtkit",
        "pid": "2109",
        "cpu_percentage": "0.0",
        "memory_percentage": "0.0",
        "time": "0:00",
        "command": "/usr/lib/rtkit/rtkit-daemon"
    },
    {
        "user": "gdm",
        "pid": "2168",
        "cpu_percentage": "0.0",
        "memory_percentage": "0.0",
        "time": "0:00",
        "command": "ibus-daemon"
    },
    {
        "user": "gdm",
        "pid": "2171",
        "cpu_percentage": "0.0",
        "memory_percentage": "0.0",
        "time": "0:00",
        "command": "/usr/lib/ibus/ibus-dconf"
    },
    {
        "user": "gdm",
        "pid": "2173",
        "cpu_percentage": "0.0",
        "memory_percentage": "0.3",
        "time": "0:00",
        "command": "/usr/lib/ibus/ibus-x11"
    },
    {
        "user": "gdm",
        "pid": "2176",
        "cpu_percentage": "0.0",
        "memory_percentage": "0.0",
        "time": "0:00",
        "command": "/usr/lib/ibus/ibus-portal"
    },
    {
        "user": "gdm",
        "pid": "2184",
        "cpu_percentage": "0.0",
        "memory_percentage": "0.0",
        "time": "0:00",
        "command": "/usr/libexec/xdg-permission-store"
    },
    {
        "user": "root",
        "pid": "2207",
        "cpu_percentage": "0.0",
        "memory_percentage": "0.0",
        "time": "0:00",
        "command": "/usr/lib/x86_64-linux-gnu/boltd"
    },
    {
        "user": "root",
        "pid": "2219",
        "cpu_percentage": "0.6",
        "memory_percentage": "0.4",
        "time": "0:05",
        "command": "/usr/lib/packagekit/packagekitd"
    },
    {
        "user": "gdm",
        "pid": "2229",
        "cpu_percentage": "0.0",
        "memory_percentage": "0.3",
        "time": "0:00",
        "command": "/usr/lib/gnome-settings-daemon/gsd-xsettings"
    },
    {
        "user": "gdm",
        "pid": "2230",
        "cpu_percentage": "0.0",
        "memory_percentage": "0.0",
        "time": "0:00",
        "command": "/usr/lib/gnome-settings-daemon/gsd-a11y-settings"
    },
    {
        "user": "gdm",
        "pid": "2232",
        "cpu_percentage": "0.0",
        "memory_percentage": "0.3",
        "time": "0:00",
        "command": "/usr/lib/gnome-settings-daemon/gsd-clipboard"
    },
    {
        "user": "gdm",
        "pid": "2233",
        "cpu_percentage": "0.0",
        "memory_percentage": "0.3",
        "time": "0:00",
        "command": "/usr/lib/gnome-settings-daemon/gsd-color"
    },
    {
        "user": "gdm",
        "pid": "2236",
        "cpu_percentage": "0.0",
        "memory_percentage": "0.1",
        "time": "0:00",
        "command": "/usr/lib/gnome-settings-daemon/gsd-datetime"
    },
    {
        "user": "gdm",
        "pid": "2240",
        "cpu_percentage": "0.0",
        "memory_percentage": "0.0",
        "time": "0:00",
        "command": "/usr/lib/gnome-settings-daemon/gsd-housekeeping"
    },
    {
        "user": "gdm",
        "pid": "2241",
        "cpu_percentage": "0.0",
        "memory_percentage": "0.3",
        "time": "0:00",
        "command": "/usr/lib/gnome-settings-daemon/gsd-keyboard"
    },
    {
        "user": "gdm",
        "pid": "2248",
        "cpu_percentage": "0.0",
        "memory_percentage": "0.3",
        "time": "0:00",
        "command": "/usr/lib/gnome-settings-daemon/gsd-media-keys"
    },
    {
        "user": "gdm",
        "pid": "2255",
        "cpu_percentage": "0.0",
        "memory_percentage": "0.0",
        "time": "0:00",
        "command": "/usr/lib/gnome-settings-daemon/gsd-mouse"
    },
    {
        "user": "gdm",
        "pid": "2258",
        "cpu_percentage": "0.0",
        "memory_percentage": "0.3",
        "time": "0:00",
        "command": "/usr/lib/gnome-settings-daemon/gsd-power"
    },
    {
        "user": "gdm",
        "pid": "2261",
        "cpu_percentage": "0.0",
        "memory_percentage": "0.1",
        "time": "0:00",
        "command": "/usr/lib/gnome-settings-daemon/gsd-print-notifications"
    },
    {
        "user": "gdm",
        "pid": "2268",
        "cpu_percentage": "0.0",
        "memory_percentage": "0.0",
        "time": "0:00",
        "command": "/usr/lib/gnome-settings-daemon/gsd-rfkill"
    },
    {
        "user": "gdm",
        "pid": "2270",
        "cpu_percentage": "0.0",
        "memory_percentage": "0.0",
        "time": "0:00",
        "command": "/usr/lib/gnome-settings-daemon/gsd-screensaver-proxy"
    },
    {
        "user": "gdm",
        "pid": "2273",
        "cpu_percentage": "0.0",
        "memory_percentage": "0.0",
        "time": "0:00",
        "command": "/usr/lib/gnome-settings-daemon/gsd-sharing"
    },
    {
        "user": "gdm",
        "pid": "2274",
        "cpu_percentage": "0.0",
        "memory_percentage": "0.0",
        "time": "0:00",
        "command": "/usr/lib/gnome-settings-daemon/gsd-smartcard"
    },
    {
        "user": "gdm",
        "pid": "2282",
        "cpu_percentage": "0.0",
        "memory_percentage": "0.0",
        "time": "0:00",
        "command": "/usr/lib/gnome-settings-daemon/gsd-sound"
    },
    {
        "user": "gdm",
        "pid": "2283",
        "cpu_percentage": "0.0",
        "memory_percentage": "0.3",
        "time": "0:00",
        "command": "/usr/lib/gnome-settings-daemon/gsd-wacom"
    },
    {
        "user": "gdm",
        "pid": "2304",
        "cpu_percentage": "0.0",
        "memory_percentage": "0.0",
        "time": "0:00",
        "command": "/usr/lib/ibus/ibus-engine-simple"
    },
    {
        "user": "colord",
        "pid": "2357",
        "cpu_percentage": "0.0",
        "memory_percentage": "0.1",
        "time": "0:00",
        "command": "/usr/lib/colord/colord"
    },
    {
        "user": "root",
        "pid": "3029",
        "cpu_percentage": "0.1",
        "memory_percentage": "0.9",
        "time": "0:01",
        "command": "/usr/bin/dockerd"
    },
    {
        "user": "kernoops",
        "pid": "3046",
        "cpu_percentage": "0.0",
        "memory_percentage": "0.0",
        "time": "0:00",
        "command": "/usr/sbin/kerneloops"
    },
    {
        "user": "kernoops",
        "pid": "3064",
        "cpu_percentage": "0.0",
        "memory_percentage": "0.0",
        "time": "0:00",
        "command": "/usr/sbin/kerneloops"
    },
    {
        "user": "root",
        "pid": "3278",
        "cpu_percentage": "0.0",
        "memory_percentage": "0.0",
        "time": "0:00",
        "command": "/usr/lib/vmware/bin/vmware-vmblock-fuse"
    },
    {
        "user": "root",
        "pid": "3301",
        "cpu_percentage": "0.0",
        "memory_percentage": "0.0",
        "time": "0:00",
        "command": "/usr/sbin/vmware-authdlauncher"
    },
    {
        "user": "root",
        "pid": "4185",
        "cpu_percentage": "0.0",
        "memory_percentage": "0.0",
        "time": "0:00",
        "command": "/sbin/dhclient"
    },
    {
        "user": "gdm",
        "pid": "4188",
        "cpu_percentage": "0.0",
        "memory_percentage": "0.0",
        "time": "0:00",
        "command": "/usr/lib/dconf/dconf-service"
    },
    {
        "user": "root",
        "pid": "5695",
        "cpu_percentage": "0.0",
        "memory_percentage": "0.1",
        "time": "0:00",
        "command": "gdm-session-worker"
    },
    {
        "user": "sois",
        "pid": "6150",
        "cpu_percentage": "0.0",
        "memory_percentage": "0.1",
        "time": "0:00",
        "command": "/lib/systemd/systemd"
    },
    {
        "user": "sois",
        "pid": "6151",
        "cpu_percentage": "0.0",
        "memory_percentage": "0.0",
        "time": "0:00",
        "command": "(sd-pam)"
    },
    {
        "user": "sois",
        "pid": "6177",
        "cpu_percentage": "0.0",
        "memory_percentage": "0.0",
        "time": "0:00",
        "command": "/usr/bin/gnome-keyring-daemon"
    },
    {
        "user": "sois",
        "pid": "6184",
        "cpu_percentage": "0.0",
        "memory_percentage": "0.0",
        "time": "0:00",
        "command": "/usr/lib/gdm3/gdm-x-session"
    },
    {
        "user": "sois",
        "pid": "6186",
        "cpu_percentage": "0.0",
        "memory_percentage": "0.4",
        "time": "0:00",
        "command": "/usr/lib/xorg/Xorg"
    },
    {
        "user": "sois",
        "pid": "6199",
        "cpu_percentage": "0.0",
        "memory_percentage": "0.0",
        "time": "0:00",
        "command": "/usr/bin/dbus-daemon"
    },
    {
        "user": "sois",
        "pid": "6203",
        "cpu_percentage": "0.0",
        "memory_percentage": "0.1",
        "time": "0:00",
        "command": "/usr/lib/gnome-session/gnome-session-binary"
    },
    {
        "user": "sois",
        "pid": "6371",
        "cpu_percentage": "0.0",
        "memory_percentage": "0.0",
        "time": "0:00",
        "command": "/usr/bin/ssh-agent"
    },
    {
        "user": "sois",
        "pid": "6391",
        "cpu_percentage": "0.0",
        "memory_percentage": "0.0",
        "time": "0:00",
        "command": "/usr/lib/at-spi2-core/at-spi-bus-launcher"
    },
    {
        "user": "sois",
        "pid": "6434",
        "cpu_percentage": "0.0",
        "memory_percentage": "0.0",
        "time": "0:00",
        "command": "/usr/bin/dbus-daemon"
    },
    {
        "user": "sois",
        "pid": "6436",
        "cpu_percentage": "0.0",
        "memory_percentage": "0.0",
        "time": "0:00",
        "command": "/usr/lib/at-spi2-core/at-spi2-registryd"
    },
    {
        "user": "sois",
        "pid": "6464",
        "cpu_percentage": "0.6",
        "memory_percentage": "2.4",
        "time": "0:04",
        "command": "/usr/bin/gnome-shell"
    },
    {
        "user": "sois",
        "pid": "6471",
        "cpu_percentage": "0.0",
        "memory_percentage": "0.0",
        "time": "0:00",
        "command": "/usr/lib/gvfs/gvfsd"
    },
    {
        "user": "sois",
        "pid": "6484",
        "cpu_percentage": "0.0",
        "memory_percentage": "0.0",
        "time": "0:00",
        "command": "/usr/lib/gvfs/gvfsd-fuse"
    },
    {
        "user": "sois",
        "pid": "6526",
        "cpu_percentage": "0.0",
        "memory_percentage": "0.1",
        "time": "0:00",
        "command": "/usr/bin/pulseaudio"
    },
    {
        "user": "sois",
        "pid": "6574",
        "cpu_percentage": "0.0",
        "memory_percentage": "0.0",
        "time": "0:00",
        "command": "ibus-daemon"
    },
    {
        "user": "sois",
        "pid": "6575",
        "cpu_percentage": "0.0",
        "memory_percentage": "0.0",
        "time": "0:00",
        "command": "/usr/libexec/xdg-permission-store"
    },
    {
        "user": "sois",
        "pid": "6582",
        "cpu_percentage": "0.0",
        "memory_percentage": "0.0",
        "time": "0:00",
        "command": "/usr/lib/ibus/ibus-dconf"
    },
    {
        "user": "sois",
        "pid": "6584",
        "cpu_percentage": "0.0",
        "memory_percentage": "0.2",
        "time": "0:00",
        "command": "/usr/lib/ibus/ibus-x11"
    },
    {
        "user": "sois",
        "pid": "6586",
        "cpu_percentage": "0.0",
        "memory_percentage": "0.0",
        "time": "0:00",
        "command": "/usr/lib/ibus/ibus-portal"
    },
    {
        "user": "sois",
        "pid": "6598",
        "cpu_percentage": "0.0",
        "memory_percentage": "0.2",
        "time": "0:00",
        "command": "/usr/lib/gnome-shell/gnome-shell-calendar-server"
    },
    {
        "user": "sois",
        "pid": "6615",
        "cpu_percentage": "0.0",
        "memory_percentage": "0.0",
        "time": "0:00",
        "command": "/usr/lib/dconf/dconf-service"
    },
    {
        "user": "sois",
        "pid": "6618",
        "cpu_percentage": "0.0",
        "memory_percentage": "0.1",
        "time": "0:00",
        "command": "/usr/lib/gvfs/gvfs-udisks2-volume-monitor"
    },
    {
        "user": "sois",
        "pid": "6623",
        "cpu_percentage": "0.0",
        "memory_percentage": "0.0",
        "time": "0:00",
        "command": "/usr/lib/gvfs/gvfs-gphoto2-volume-monitor"
    },
    {
        "user": "sois",
        "pid": "6630",
        "cpu_percentage": "0.0",
        "memory_percentage": "0.3",
        "time": "0:00",
        "command": "/usr/lib/evolution/evolution-source-registry"
    },
    {
        "user": "sois",
        "pid": "6631",
        "cpu_percentage": "0.0",
        "memory_percentage": "0.0",
        "time": "0:00",
        "command": "/usr/lib/gvfs/gvfs-mtp-volume-monitor"
    },
    {
        "user": "sois",
        "pid": "6639",
        "cpu_percentage": "0.0",
        "memory_percentage": "0.0",
        "time": "0:00",
        "command": "/usr/lib/gvfs/gvfs-afc-volume-monitor"
    },
    {
        "user": "sois",
        "pid": "6644",
        "cpu_percentage": "0.0",
        "memory_percentage": "0.0",
        "time": "0:00",
        "command": "/usr/lib/gvfs/gvfs-goa-volume-monitor"
    },
    {
        "user": "sois",
        "pid": "6648",
        "cpu_percentage": "0.0",
        "memory_percentage": "0.3",
        "time": "0:00",
        "command": "/usr/lib/gnome-online-accounts/goa-daemon"
    },
    {
        "user": "sois",
        "pid": "6738",
        "cpu_percentage": "0.0",
        "memory_percentage": "0.0",
        "time": "0:00",
        "command": "/usr/lib/gnome-online-accounts/goa-identity-service"
    },
    {
        "user": "sois",
        "pid": "6745",
        "cpu_percentage": "0.0",
        "memory_percentage": "0.2",
        "time": "0:00",
        "command": "/usr/lib/gnome-settings-daemon/gsd-power"
    },
    {
        "user": "sois",
        "pid": "6746",
        "cpu_percentage": "0.0",
        "memory_percentage": "0.1",
        "time": "0:00",
        "command": "/usr/lib/gnome-settings-daemon/gsd-print-notifications"
    },
    {
        "user": "sois",
        "pid": "6749",
        "cpu_percentage": "0.0",
        "memory_percentage": "0.0",
        "time": "0:00",
        "command": "/usr/lib/gnome-settings-daemon/gsd-rfkill"
    },
    {
        "user": "sois",
        "pid": "6753",
        "cpu_percentage": "0.0",
        "memory_percentage": "0.0",
        "time": "0:00",
        "command": "/usr/lib/gnome-settings-daemon/gsd-screensaver-proxy"
    },
    {
        "user": "sois",
        "pid": "6759",
        "cpu_percentage": "0.0",
        "memory_percentage": "0.1",
        "time": "0:00",
        "command": "/usr/lib/gnome-settings-daemon/gsd-sharing"
    },
    {
        "user": "sois",
        "pid": "6763",
        "cpu_percentage": "0.0",
        "memory_percentage": "0.0",
        "time": "0:00",
        "command": "/usr/lib/gnome-settings-daemon/gsd-sound"
    },
    {
        "user": "sois",
        "pid": "6767",
        "cpu_percentage": "0.0",
        "memory_percentage": "0.2",
        "time": "0:00",
        "command": "/usr/lib/gnome-settings-daemon/gsd-xsettings"
    },
    {
        "user": "sois",
        "pid": "6800",
        "cpu_percentage": "0.0",
        "memory_percentage": "0.0",
        "time": "0:00",
        "command": "/usr/lib/gnome-settings-daemon/gsd-smartcard"
    },
    {
        "user": "sois",
        "pid": "6801",
        "cpu_percentage": "0.0",
        "memory_percentage": "0.2",
        "time": "0:00",
        "command": "/usr/lib/gnome-settings-daemon/gsd-wacom"
    },
    {
        "user": "sois",
        "pid": "6810",
        "cpu_percentage": "0.0",
        "memory_percentage": "0.0",
        "time": "0:00",
        "command": "/usr/lib/gnome-settings-daemon/gsd-a11y-settings"
    },
    {
        "user": "sois",
        "pid": "6812",
        "cpu_percentage": "0.0",
        "memory_percentage": "0.2",
        "time": "0:00",
        "command": "/usr/lib/gnome-settings-daemon/gsd-clipboard"
    },
    {
        "user": "sois",
        "pid": "6814",
        "cpu_percentage": "0.0",
        "memory_percentage": "0.2",
        "time": "0:00",
        "command": "/usr/lib/gnome-settings-daemon/gsd-color"
    },
    {
        "user": "sois",
        "pid": "6817",
        "cpu_percentage": "0.0",
        "memory_percentage": "0.1",
        "time": "0:00",
        "command": "/usr/lib/gnome-settings-daemon/gsd-datetime"
    },
    {
        "user": "sois",
        "pid": "6819",
        "cpu_percentage": "0.0",
        "memory_percentage": "0.0",
        "time": "0:00",
        "command": "/usr/lib/gnome-settings-daemon/gsd-housekeeping"
    },
    {
        "user": "sois",
        "pid": "6820",
        "cpu_percentage": "0.0",
        "memory_percentage": "0.2",
        "time": "0:00",
        "command": "/usr/lib/gnome-settings-daemon/gsd-keyboard"
    },
    {
        "user": "sois",
        "pid": "6830",
        "cpu_percentage": "0.0",
        "memory_percentage": "0.2",
        "time": "0:00",
        "command": "/usr/lib/gnome-settings-daemon/gsd-media-keys"
    },
    {
        "user": "sois",
        "pid": "6831",
        "cpu_percentage": "0.0",
        "memory_percentage": "0.0",
        "time": "0:00",
        "command": "/usr/lib/gnome-settings-daemon/gsd-mouse"
    },
    {
        "user": "sois",
        "pid": "6862",
        "cpu_percentage": "0.0",
        "memory_percentage": "0.1",
        "time": "0:00",
        "command": "/usr/lib/gnome-settings-daemon/gsd-printer"
    },
    {
        "user": "sois",
        "pid": "6889",
        "cpu_percentage": "0.0",
        "memory_percentage": "0.8",
        "time": "0:00",
        "command": "/usr/lib/evolution/evolution-calendar-factory"
    },
    {
        "user": "sois",
        "pid": "6912",
        "cpu_percentage": "0.1",
        "memory_percentage": "0.6",
        "time": "0:00",
        "command": "nautilus-desktop"
    },
    {
        "user": "sois",
        "pid": "6913",
        "cpu_percentage": "0.0",
        "memory_percentage": "0.0",
        "time": "0:00",
        "command": "/usr/lib/gnome-disk-utility/gsd-disk-utility-notify"
    },
    {
        "user": "sois",
        "pid": "6916",
        "cpu_percentage": "0.0",
        "memory_percentage": "0.0",
        "time": "0:00",
        "command": "/usr/lib/ibus/ibus-engine-simple"
    },
    {
        "user": "sois",
        "pid": "6944",
        "cpu_percentage": "0.0",
        "memory_percentage": "0.0",
        "time": "0:00",
        "command": "/usr/lib/gvfs/gvfsd-trash"
    },
    {
        "user": "sois",
        "pid": "7050",
        "cpu_percentage": "0.0",
        "memory_percentage": "0.7",
        "time": "0:00",
        "command": "/usr/lib/evolution/evolution-calendar-factory-subprocess"
    },
    {
        "user": "sois",
        "pid": "7072",
        "cpu_percentage": "0.0",
        "memory_percentage": "0.3",
        "time": "0:00",
        "command": "/usr/lib/evolution/evolution-addressbook-factory"
    },
    {
        "user": "sois",
        "pid": "7083",
        "cpu_percentage": "0.0",
        "memory_percentage": "0.3",
        "time": "0:00",
        "command": "/usr/lib/evolution/evolution-addressbook-factory-subprocess"
    },
    {
        "user": "sois",
        "pid": "7220",
        "cpu_percentage": "0.0",
        "memory_percentage": "0.0",
        "time": "0:00",
        "command": "/usr/lib/gvfs/gvfsd-metadata"
    },
    {
        "user": "root",
        "pid": "7742",
        "cpu_percentage": "0.0",
        "memory_percentage": "0.0",
        "time": "0:00",
        "command": "[kworker/1:6]"
    },
    {
        "user": "root",
        "pid": "7743",
        "cpu_percentage": "0.0",
        "memory_percentage": "0.0",
        "time": "0:00",
        "command": "[kworker/1:7]"
    },
    {
        "user": "root",
        "pid": "8283",
        "cpu_percentage": "0.0",
        "memory_percentage": "0.0",
        "time": "0:00",
        "command": "[kworker/2:4]"
    },
    {
        "user": "root",
        "pid": "8287",
        "cpu_percentage": "0.0",
        "memory_percentage": "0.0",
        "time": "0:00",
        "command": "[kworker/2:8]"
    },
    {
        "user": "whoopsie",
        "pid": "8434",
        "cpu_percentage": "0.0",
        "memory_percentage": "0.1",
        "time": "0:00",
        "command": "/usr/bin/whoopsie"
    },
    {
        "user": "sois",
        "pid": "8770",
        "cpu_percentage": "0.4",
        "memory_percentage": "2.1",
        "time": "0:02",
        "command": "/usr/bin/gnome-software"
    },
    {
        "user": "sois",
        "pid": "8773",
        "cpu_percentage": "0.0",
        "memory_percentage": "0.3",
        "time": "0:00",
        "command": "update-notifier"
    },
    {
        "user": "root",
        "pid": "8796",
        "cpu_percentage": "0.0",
        "memory_percentage": "0.2",
        "time": "0:00",
        "command": "/usr/lib/fwupd/fwupd"
    },
    {
        "user": "sois",
        "pid": "9270",
        "cpu_percentage": "0.0",
        "memory_percentage": "0.3",
        "time": "0:00",
        "command": "/usr/lib/deja-dup/deja-dup-monitor"
    },
    {
        "user": "www-data",
        "pid": "10453",
        "cpu_percentage": "0.0",
        "memory_percentage": "0.0",
        "time": "0:00",
        "command": "/usr/sbin/apache2"
    },
    {
        "user": "www-data",
        "pid": "10454",
        "cpu_percentage": "0.0",
        "memory_percentage": "0.0",
        "time": "0:00",
        "command": "/usr/sbin/apache2"
    },
    {
        "user": "root",
        "pid": "10532",
        "cpu_percentage": "0.0",
        "memory_percentage": "0.0",
        "time": "0:00",
        "command": "/usr/sbin/cupsd"
    },
    {
        "user": "root",
        "pid": "10533",
        "cpu_percentage": "0.0",
        "memory_percentage": "0.1",
        "time": "0:00",
        "command": "/usr/sbin/cups-browsed"
    },
    {
        "user": "root",
        "pid": "11924",
        "cpu_percentage": "0.0",
        "memory_percentage": "0.0",
        "time": "0:00",
        "command": "[kworker/0:0]"
    },
    {
        "user": "root",
        "pid": "12000",
        "cpu_percentage": "0.0",
        "memory_percentage": "0.0",
        "time": "0:00",
        "command": "[kworker/2:0]"
    },
    {
        "user": "root",
        "pid": "12857",
        "cpu_percentage": "0.0",
        "memory_percentage": "0.0",
        "time": "0:00",
        "command": "[kworker/1:0]"
    },
    {
        "user": "root",
        "pid": "13243",
        "cpu_percentage": "0.0",
        "memory_percentage": "0.0",
        "time": "0:00",
        "command": "[kworker/3:0]"
    },
    {
        "user": "root",
        "pid": "15016",
        "cpu_percentage": "0.0",
        "memory_percentage": "0.0",
        "time": "0:00",
        "command": "[kworker/3:3]"
    },
    {
        "user": "root",
        "pid": "17409",
        "cpu_percentage": "0.0",
        "memory_percentage": "0.0",
        "time": "0:00",
        "command": "[kworker/0:2]"
    },
    {
        "user": "mysql",
        "pid": "17445",
        "cpu_percentage": "10.0",
        "memory_percentage": "2.1",
        "time": "0:00",
        "command": "/usr/sbin/mysqld"
    },
    {
        "user": "root",
        "pid": "17540",
        "cpu_percentage": "3.0",
        "memory_percentage": "0.0",
        "time": "0:00",
        "command": "sshd:"
    },
    {
        "user": "sois",
        "pid": "17604",
        "cpu_percentage": "0.0",
        "memory_percentage": "0.0",
        "time": "0:00",
        "command": "sshd:"
    },
    {
        "user": "sois",
        "pid": "17605",
        "cpu_percentage": "0.0",
        "memory_percentage": "0.0",
        "time": "0:00",
        "command": "ps"
    }
]